,key_0,American Indian and Alaska Native,American Indian and Alaska Native alone,American Indian and Alaska Native.1,Asian,Asian Indian,Asian alone,Asian.1,Black or African American,Black or African American alone,Black or African American and American Indian and Alaska Native,Black or African American.1,Cherokee tribal grouping,Chinese,Chippewa tribal grouping,Cuban,Female,Female.1,Female.2,Filipino,Guamanian or Chamorro,Hispanic or Latino (of any race),Japanese,Korean,Male,Male.1,Male.2,Mexican,Native Hawaiian,Native Hawaiian and Other Pacific Islander,Native Hawaiian and Other Pacific Islander alone,Native Hawaiian and Other Pacific Islander.1,Navajo tribal grouping,Not Hispanic or Latino,One race,One race.1,Other Asian,Other Hispanic or Latino,Other Pacific Islander,Puerto Rican,Samoan,Sioux tribal grouping,Some other race,Some other race alone,Some other race.1,TOTAL HOUSING UNITS,Total population,Total population.1,Total population.2,Total population.3,Two or more races,Two or more races.1,Two or more races.2,"Two races excluding Some other race, and Three or more races",Two races including Some other race,Under 5 years,Vietnamese,White,White alone,White and American Indian and Alaska Native,White and Asian,White and Black or African American,White.1,X_race,Counts
0,BK28,621.0,77.0,715.0,32319.0,1003.0,32127.0,32513.0,769.0,550.0,15.0,1110.0,3.0,28274.0,0.0,346.0,44710.0,35363.0,7768.0,149.0,0.0,12500.0,190.0,235.0,41882.0,33100.0,5476.0,4718.0,0.0,0.0,0.0,0.0,0.0,74092.0,85885.0,85885.0,2104.0,4844.0,0.0,2592.0,0.0,0.0,4116.0,86.0,4286.0,31897.0,86592.0,86592.0,86592.0,86592.0,707.0,707.0,634.0,499.0,135.0,5091.0,364.0,48060.0,40618.0,57.0,141.0,266.0,48680.0,1104647.0,26221
1,BK31,419.0,190.0,593.0,11661.0,1102.0,11586.0,12760.0,1769.0,1108.0,70.0,2296.0,0.0,7539.0,0.0,483.0,43872.0,35454.0,7416.0,733.0,0.0,13474.0,125.0,628.0,39949.0,31328.0,4318.0,3105.0,88.0,88.0,88.0,215.0,11.0,70347.0,81933.0,81933.0,1237.0,4106.0,0.0,5780.0,0.0,0.0,4607.0,125.0,5046.0,37125.0,83821.0,83821.0,83821.0,83821.0,1888.0,1888.0,1364.0,1317.0,47.0,5244.0,297.0,63389.0,55886.0,52.0,884.0,280.0,64981.0,1057508.0,21881
2,BK32,817.0,80.0,992.0,8749.0,314.0,8589.0,9264.0,2766.0,1682.0,32.0,3362.0,0.0,6768.0,0.0,304.0,25500.0,19285.0,2669.0,733.0,0.0,34060.0,155.0,176.0,29432.0,22821.0,1726.0,12435.0,0.0,0.0,0.0,18.0,0.0,20872.0,53351.0,53351.0,588.0,11624.0,0.0,9697.0,0.0,0.0,16638.0,234.0,17286.0,18372.0,54932.0,54932.0,54932.0,54932.0,1581.0,1581.0,578.0,553.0,25.0,4340.0,15.0,24381.0,9709.0,79.0,389.0,338.0,25604.0,683643.0,21127
3,BK33,12.0,12.0,87.0,2348.0,588.0,2348.0,2864.0,4793.0,4551.0,16.0,5626.0,2.0,784.0,0.0,252.0,20958.0,17293.0,2526.0,248.0,0.0,8503.0,154.0,216.0,18464.0,14435.0,1602.0,754.0,0.0,0.0,0.0,7.0,0.0,30919.0,37796.0,37796.0,300.0,2501.0,0.0,4996.0,0.0,0.0,4879.0,31.0,5616.0,19399.0,39422.0,39422.0,39422.0,39422.0,1626.0,1626.0,835.0,797.0,38.0,2398.0,58.0,25764.0,23142.0,47.0,457.0,329.0,26871.0,495352.0,20495
4,BK35,101.0,91.0,581.0,1880.0,277.0,1880.0,2014.0,48310.0,44911.0,271.0,49081.0,17.0,513.0,0.0,130.0,35459.0,27054.0,4072.0,96.0,0.0,13632.0,69.0,55.0,28872.0,21012.0,2138.0,1266.0,0.0,10.0,0.0,27.0,0.0,50699.0,63128.0,63128.0,859.0,5763.0,10.0,6473.0,0.0,0.0,5049.0,227.0,5430.0,28484.0,64331.0,64331.0,64331.0,64331.0,1203.0,1203.0,600.0,581.0,19.0,4878.0,11.0,7778.0,2990.0,119.0,41.0,253.0,8530.0,798599.0,20295
5,BK38,64.0,58.0,192.0,3016.0,435.0,3016.0,3534.0,8643.0,7718.0,27.0,9371.0,19.0,1350.0,0.0,169.0,18146.0,15339.0,2075.0,127.0,0.0,8406.0,135.0,528.0,17227.0,13593.0,1194.0,359.0,0.0,0.0,0.0,39.0,0.0,26967.0,33902.0,33902.0,354.0,2713.0,0.0,5165.0,0.0,0.0,4106.0,115.0,4705.0,17033.0,35373.0,35373.0,35373.0,35373.0,1471.0,1471.0,780.0,723.0,57.0,2145.0,87.0,18073.0,15280.0,65.0,427.0,232.0,19104.0,445149.0,20028
6,BK41,101.0,93.0,333.0,8825.0,3344.0,8825.0,9290.0,2904.0,2770.0,0.0,3109.0,7.0,1760.0,0.0,56.0,18462.0,13671.0,2100.0,74.0,0.0,5035.0,190.0,148.0,17737.0,12861.0,1597.0,2449.0,0.0,0.0,0.0,21.0,0.0,31164.0,35249.0,35249.0,3198.0,1358.0,0.0,1172.0,0.0,0.0,3176.0,169.0,3331.0,12560.0,36199.0,36199.0,36199.0,36199.0,950.0,950.0,759.0,704.0,55.0,2914.0,111.0,20243.0,18548.0,167.0,357.0,166.0,21065.0,454173.0,19137
7,BK42,284.0,221.0,619.0,8834.0,1097.0,8785.0,9654.0,53608.0,50730.0,106.0,55047.0,19.0,1771.0,0.0,367.0,57048.0,43866.0,6181.0,214.0,19.0,20103.0,144.0,429.0,48046.0,35651.0,3673.0,7412.0,43.0,99.0,28.0,115.0,0.0,84991.0,102720.0,102720.0,4949.0,7942.0,19.0,4382.0,18.0,0.0,11039.0,949.0,11706.0,40161.0,105094.0,105094.0,105094.0,105094.0,2374.0,2374.0,1528.0,1316.0,212.0,7472.0,230.0,28856.0,22750.0,84.0,540.0,725.0,30529.0,1305175.0,18243
8,BK61,157.0,101.0,590.0,2128.0,463.0,2114.0,2793.0,76884.0,73661.0,143.0,78166.0,47.0,604.0,0.0,155.0,55688.0,43965.0,7279.0,158.0,189.0,11610.0,164.0,25.0,44442.0,33383.0,3849.0,1274.0,0.0,236.0,47.0,253.0,0.0,88520.0,98201.0,98201.0,714.0,6138.0,47.0,4043.0,0.0,0.0,6363.0,288.0,6981.0,46002.0,100130.0,100130.0,100130.0,100130.0,1929.0,1929.0,1491.0,1296.0,195.0,6469.0,0.0,12433.0,10818.0,71.0,296.0,369.0,13557.0,1247439.0,17239
9,BK63,76.0,76.0,149.0,577.0,41.0,577.0,614.0,27257.0,26172.0,73.0,27520.0,0.0,282.0,0.0,63.0,21616.0,16232.0,2555.0,0.0,0.0,3154.0,41.0,182.0,19627.0,13839.0,1462.0,93.0,0.0,0.0,0.0,23.0,0.0,38089.0,40948.0,40948.0,15.0,2297.0,0.0,701.0,0.0,0.0,1801.0,237.0,1826.0,15630.0,41243.0,41243.0,41243.0,41243.0,295.0,295.0,287.0,270.0,17.0,2953.0,16.0,11237.0,10740.0,0.0,24.0,137.0,11434.0,507470.0,16616
10,BK64,31.0,15.0,131.0,1435.0,353.0,1426.0,1755.0,5824.0,5587.0,20.0,6362.0,0.0,389.0,0.0,223.0,10729.0,9327.0,1054.0,19.0,0.0,2524.0,144.0,212.0,9720.0,8127.0,583.0,231.0,0.0,0.0,0.0,16.0,0.0,17925.0,19669.0,19669.0,318.0,1396.0,0.0,674.0,0.0,0.0,1220.0,157.0,1354.0,10271.0,20449.0,20449.0,20449.0,20449.0,780.0,780.0,521.0,509.0,12.0,1213.0,0.0,11159.0,10219.0,0.0,181.0,273.0,11732.0,258065.0,15338
11,BK69,58.0,29.0,378.0,1911.0,173.0,1900.0,2468.0,15204.0,14322.0,139.0,16187.0,0.0,687.0,0.0,197.0,19001.0,16091.0,1877.0,70.0,32.0,5943.0,180.0,297.0,17412.0,14427.0,1407.0,1145.0,0.0,32.0,0.0,62.0,0.0,30470.0,34863.0,34863.0,429.0,2500.0,0.0,2101.0,0.0,12.0,2638.0,160.0,2912.0,17006.0,36413.0,36413.0,36413.0,36413.0,1550.0,1550.0,1088.0,982.0,106.0,2191.0,75.0,15020.0,12971.0,53.0,335.0,488.0,16192.0,457836.0,15273
12,BK72,5.0,0.0,83.0,30.0,6.0,30.0,45.0,913.0,773.0,0.0,995.0,0.0,9.0,0.0,0.0,16008.0,8743.0,1321.0,15.0,0.0,3779.0,0.0,0.0,16820.0,8387.0,778.0,637.0,0.0,0.0,0.0,29.0,0.0,29049.0,32508.0,32508.0,0.0,1089.0,0.0,2053.0,0.0,0.0,1194.0,15.0,1352.0,8939.0,32828.0,32828.0,32828.0,32828.0,320.0,320.0,184.0,162.0,22.0,6163.0,0.0,30366.0,28047.0,73.0,4.0,45.0,30644.0,395775.0,14618
13,BK73,126.0,64.0,304.0,2048.0,258.0,2012.0,2776.0,2605.0,1360.0,0.0,3041.0,0.0,608.0,0.0,255.0,23780.0,19127.0,1853.0,269.0,0.0,17189.0,341.0,344.0,22290.0,17899.0,1365.0,1679.0,88.0,88.0,88.0,104.0,0.0,28881.0,44733.0,44733.0,208.0,8516.0,0.0,6739.0,0.0,0.0,3723.0,127.0,4022.0,20944.0,46070.0,46070.0,46070.0,46070.0,1337.0,1337.0,863.0,852.0,11.0,3017.0,20.0,36143.0,24367.0,50.0,589.0,226.0,37341.0,575020.0,13744
14,BK75,256.0,150.0,590.0,1890.0,517.0,1859.0,2402.0,37726.0,35525.0,107.0,38509.0,25.0,548.0,0.0,286.0,36854.0,26511.0,3189.0,93.0,0.0,13102.0,64.0,228.0,33241.0,22033.0,2040.0,999.0,0.0,0.0,0.0,60.0,0.0,56993.0,68676.0,68676.0,431.0,5780.0,0.0,6037.0,0.0,0.0,6355.0,287.0,6819.0,28254.0,70095.0,70095.0,70095.0,70095.0,1419.0,1419.0,892.0,831.0,61.0,7277.0,9.0,22449.0,18280.0,35.0,225.0,251.0,23207.0,863847.0,13539
15,BK76,301.0,149.0,381.0,1577.0,79.0,1577.0,1795.0,304.0,257.0,0.0,472.0,30.0,357.0,0.0,147.0,16023.0,14419.0,1810.0,118.0,0.0,4725.0,118.0,310.0,15499.0,13775.0,891.0,954.0,0.0,0.0,0.0,138.0,0.0,26797.0,30838.0,30838.0,483.0,2261.0,0.0,1363.0,0.0,0.0,1715.0,186.0,1881.0,17302.0,31522.0,31522.0,31522.0,31522.0,684.0,684.0,561.0,515.0,46.0,937.0,112.0,26941.0,24067.0,80.0,150.0,129.0,27560.0,398424.0,13495
16,BK78,538.0,196.0,1052.0,1602.0,112.0,1573.0,1797.0,22571.0,19319.0,226.0,23588.0,36.0,968.0,0.0,285.0,37303.0,28779.0,3918.0,95.0,0.0,42733.0,79.0,129.0,33944.0,24576.0,2321.0,5150.0,0.0,11.0,0.0,53.0,0.0,28514.0,69043.0,69043.0,219.0,20244.0,11.0,17054.0,0.0,0.0,16670.0,239.0,17756.0,27577.0,71247.0,71247.0,71247.0,71247.0,2204.0,2204.0,607.0,490.0,117.0,4585.0,0.0,27651.0,6580.0,176.0,35.0,561.0,29294.0,878816.0,13268
17,BK88,25.0,6.0,77.0,12991.0,1223.0,12978.0,13162.0,901.0,612.0,0.0,973.0,0.0,9175.0,0.0,116.0,51437.0,32705.0,5737.0,230.0,0.0,11039.0,39.0,159.0,54766.0,33195.0,4206.0,4304.0,0.0,0.0,0.0,3.0,0.0,95164.0,105822.0,105822.0,2165.0,4116.0,0.0,2503.0,0.0,0.0,6175.0,143.0,6296.0,30704.0,106203.0,106203.0,106203.0,106203.0,381.0,381.0,231.0,209.0,22.0,13731.0,0.0,85730.0,81194.0,41.0,146.0,70.0,86073.0,1301990.0,13151
18,BX09,131.0,28.0,356.0,898.0,484.0,883.0,965.0,20748.0,18304.0,79.0,21610.0,0.0,130.0,0.0,387.0,29823.0,23469.0,4312.0,14.0,0.0,33128.0,17.0,116.0,23977.0,16980.0,2462.0,709.0,0.0,0.0,0.0,202.0,0.0,20672.0,52356.0,52356.0,137.0,11053.0,0.0,20979.0,0.0,0.0,21794.0,317.0,22627.0,19896.0,53800.0,53800.0,53800.0,53800.0,1444.0,1444.0,452.0,386.0,66.0,3278.0,0.0,8785.0,688.0,66.0,31.0,242.0,9528.0,664009.0,12679
19,BX13,234.0,76.0,360.0,533.0,365.0,521.0,618.0,28450.0,26996.0,59.0,29430.0,0.0,96.0,0.0,137.0,25065.0,20829.0,5746.0,50.0,0.0,12529.0,0.0,22.0,19239.0,15535.0,3588.0,150.0,0.0,0.0,0.0,1.0,0.0,31775.0,42772.0,42772.0,0.0,3268.0,0.0,8974.0,0.0,0.0,5545.0,100.0,6746.0,19126.0,44304.0,44304.0,44304.0,44304.0,1532.0,1532.0,225.0,136.0,89.0,1769.0,0.0,8010.0,3857.0,0.0,60.0,144.0,8749.0,555026.0,11557
20,BX22,0.0,0.0,120.0,1643.0,304.0,1578.0,1859.0,2204.0,1855.0,11.0,2369.0,0.0,472.0,0.0,206.0,14092.0,11641.0,3496.0,215.0,0.0,4941.0,11.0,334.0,12747.0,10305.0,2220.0,267.0,0.0,0.0,0.0,22.0,0.0,21898.0,26291.0,26291.0,307.0,2369.0,0.0,2099.0,0.0,0.0,2511.0,79.0,2725.0,12361.0,26839.0,26839.0,26839.0,26839.0,548.0,548.0,421.0,294.0,127.0,1634.0,0.0,19933.0,17965.0,70.0,130.0,42.0,20362.0,339273.0,11182
21,BX27,54.0,34.0,424.0,149.0,6.0,130.0,280.0,7759.0,5919.0,40.0,8405.0,0.0,132.0,0.0,246.0,14360.0,10010.0,1317.0,11.0,0.0,20729.0,0.0,0.0,13202.0,8902.0,956.0,2320.0,0.0,12.0,0.0,35.0,0.0,6833.0,26193.0,26193.0,0.0,7992.0,12.0,10171.0,0.0,0.0,10920.0,112.0,11609.0,9513.0,27562.0,27562.0,27562.0,27562.0,1369.0,1369.0,327.0,321.0,6.0,2377.0,0.0,7299.0,311.0,244.0,67.0,256.0,8304.0,337478.0,10795
22,BX31,89.0,64.0,282.0,3115.0,891.0,3098.0,3433.0,11344.0,10804.0,101.0,11978.0,0.0,526.0,0.0,163.0,17345.0,13812.0,3368.0,474.0,0.0,9570.0,0.0,322.0,16059.0,11896.0,2297.0,412.0,0.0,0.0,0.0,18.0,0.0,23834.0,32281.0,32281.0,579.0,3581.0,0.0,5414.0,0.0,0.0,5993.0,236.0,6584.0,10295.0,33404.0,33404.0,33404.0,33404.0,1123.0,1123.0,365.0,365.0,0.0,1758.0,323.0,11740.0,9267.0,40.0,134.0,202.0,12288.0,414883.0,10610
23,BX43,284.0,111.0,623.0,3570.0,1082.0,3570.0,4208.0,9530.0,8046.0,92.0,10631.0,0.0,372.0,0.0,156.0,22194.0,16554.0,2029.0,302.0,0.0,23125.0,37.0,194.0,19023.0,13157.0,1573.0,4122.0,0.0,0.0,0.0,0.0,0.0,18092.0,39331.0,39331.0,1559.0,9467.0,0.0,9380.0,0.0,0.0,16814.0,716.0,17684.0,15163.0,41217.0,41217.0,41217.0,41217.0,1886.0,1886.0,570.0,535.0,35.0,4087.0,24.0,9133.0,5079.0,57.0,204.0,403.0,10334.0,511223.0,8878
24,BX44,349.0,301.0,567.0,1038.0,442.0,989.0,1335.0,45664.0,44076.0,139.0,46839.0,105.0,75.0,0.0,390.0,34046.0,25462.0,4264.0,361.0,0.0,13502.0,0.0,20.0,27457.0,19027.0,2484.0,1225.0,2.0,32.0,30.0,109.0,0.0,48001.0,59961.0,59961.0,102.0,4905.0,30.0,6982.0,0.0,0.0,8574.0,541.0,9446.0,22375.0,61503.0,61503.0,61503.0,61503.0,1542.0,1542.0,609.0,567.0,42.0,4965.0,38.0,4304.0,1455.0,22.0,30.0,364.0,4821.0,757521.0,8722
25,BX46,125.0,55.0,336.0,3776.0,775.0,3746.0,4054.0,15025.0,14010.0,93.0,15936.0,0.0,192.0,0.0,72.0,15982.0,12513.0,1926.0,148.0,0.0,10749.0,0.0,0.0,14394.0,10708.0,1463.0,238.0,0.0,0.0,0.0,16.0,0.0,19627.0,28990.0,28990.0,2661.0,3496.0,0.0,6943.0,0.0,0.0,6528.0,158.0,7096.0,13434.0,30376.0,30376.0,30376.0,30376.0,1386.0,1386.0,540.0,377.0,163.0,2274.0,0.0,3536.0,1118.0,84.0,22.0,536.0,4416.0,381597.0,8722
26,BX52,246.0,179.0,467.0,1091.0,190.0,1091.0,1247.0,5330.0,3918.0,41.0,6120.0,144.0,198.0,0.0,149.0,23785.0,18837.0,4196.0,255.0,0.0,18254.0,0.0,35.0,22319.0,17240.0,2871.0,428.0,0.0,0.0,0.0,9.0,0.0,27850.0,44641.0,44641.0,260.0,5324.0,0.0,12353.0,0.0,0.0,10700.0,626.0,11760.0,17970.0,46104.0,46104.0,46104.0,46104.0,1463.0,1463.0,426.0,264.0,162.0,2308.0,153.0,27274.0,21610.0,8.0,67.0,264.0,28035.0,572678.0,8660
27,BX63,483.0,78.0,744.0,946.0,431.0,928.0,1089.0,11943.0,9464.0,41.0,12590.0,0.0,322.0,0.0,46.0,20985.0,14866.0,1533.0,18.0,0.0,27766.0,0.0,0.0,18695.0,12736.0,854.0,5017.0,0.0,0.0,0.0,0.0,0.0,11914.0,38541.0,38541.0,175.0,15899.0,0.0,6804.0,0.0,0.0,18172.0,208.0,18767.0,13596.0,39680.0,39680.0,39680.0,39680.0,1139.0,1139.0,350.0,337.0,13.0,3568.0,0.0,6997.0,886.0,116.0,51.0,264.0,7728.0,485500.0,8375
28,MN09,29.0,22.0,462.0,7845.0,1197.0,7783.0,8843.0,8339.0,6349.0,64.0,9477.0,8.0,3414.0,0.0,471.0,30925.0,27898.0,3959.0,292.0,0.0,12360.0,604.0,1436.0,23401.0,20591.0,2184.0,1137.0,0.0,0.0,0.0,33.0,0.0,41966.0,51913.0,51913.0,867.0,7237.0,0.0,3515.0,0.0,5.0,4927.0,70.0,5474.0,21908.0,54326.0,54326.0,54326.0,54326.0,2413.0,2413.0,1706.0,1599.0,107.0,1815.0,35.0,30773.0,26036.0,223.0,763.0,460.0,32699.0,687264.0,8117
29,MN11,159.0,17.0,569.0,1809.0,610.0,1809.0,2269.0,28198.0,26420.0,110.0,29166.0,6.0,503.0,0.0,256.0,25252.0,20418.0,2329.0,265.0,0.0,8793.0,215.0,105.0,21442.0,16112.0,1464.0,404.0,0.0,0.0,0.0,104.0,0.0,37901.0,45095.0,45095.0,103.0,5013.0,0.0,3120.0,0.0,0.0,4702.0,363.0,5244.0,21560.0,46694.0,46694.0,46694.0,46694.0,1599.0,1599.0,968.0,956.0,12.0,3477.0,8.0,10227.0,8324.0,46.0,185.0,323.0,11417.0,582917.0,7829
30,MN12,735.0,208.0,1839.0,8779.0,917.0,8638.0,10853.0,15405.0,11307.0,109.0,17141.0,26.0,3248.0,0.0,1255.0,73107.0,62300.0,13190.0,1267.0,0.0,20255.0,1245.0,1321.0,62611.0,52128.0,9333.0,2116.0,0.0,0.0,0.0,47.0,0.0,115463.0,130907.0,130907.0,558.0,9481.0,0.0,7403.0,0.0,0.0,4240.0,389.0,5263.0,75158.0,135718.0,135718.0,135718.0,135718.0,4811.0,4811.0,2838.0,2666.0,172.0,7515.0,223.0,101748.0,92083.0,436.0,1686.0,897.0,105920.0,1727827.0,7818
31,MN13,459.0,299.0,1401.0,8240.0,1533.0,8210.0,9565.0,3972.0,3589.0,178.0,5378.0,0.0,3571.0,0.0,563.0,34400.0,30838.0,4324.0,605.0,0.0,10649.0,691.0,1336.0,34899.0,31888.0,3223.0,1282.0,0.0,0.0,0.0,71.0,0.0,58650.0,66018.0,66018.0,358.0,4445.0,0.0,4359.0,0.0,0.0,2549.0,125.0,3311.0,44737.0,69299.0,69299.0,69299.0,69299.0,3281.0,3281.0,1920.0,1850.0,70.0,2758.0,146.0,50798.0,44507.0,226.0,1047.0,371.0,53510.0,892695.0,7611
32,MN17,99.0,57.0,190.0,4941.0,1009.0,4905.0,5382.0,1301.0,1180.0,36.0,1552.0,0.0,1369.0,5.0,149.0,14184.0,13188.0,1630.0,176.0,0.0,2009.0,599.0,1279.0,14044.0,13382.0,1767.0,186.0,16.0,16.0,16.0,16.0,0.0,26219.0,27439.0,27439.0,287.0,1102.0,0.0,572.0,0.0,0.0,519.0,152.0,676.0,21396.0,28228.0,28228.0,28228.0,28228.0,789.0,789.0,658.0,602.0,56.0,888.0,222.0,20563.0,19251.0,19.0,400.0,141.0,21230.0,369004.0,7532
33,MN19,105.0,105.0,185.0,6894.0,1904.0,6884.0,7374.0,1093.0,1030.0,12.0,1320.0,0.0,2170.0,0.0,175.0,26159.0,24440.0,5474.0,678.0,0.0,2903.0,1066.0,585.0,22234.0,20216.0,3653.0,408.0,0.0,0.0,0.0,82.0,0.0,45490.0,47548.0,47548.0,421.0,1729.0,0.0,591.0,0.0,0.0,362.0,96.0,482.0,36964.0,48393.0,48393.0,48393.0,48393.0,845.0,845.0,655.0,594.0,61.0,1935.0,70.0,39094.0,36720.0,68.0,375.0,139.0,39830.0,633183.0,7152
34,MN22,88.0,13.0,261.0,6419.0,1196.0,6341.0,7171.0,2719.0,2456.0,43.0,3191.0,0.0,3078.0,0.0,159.0,22267.0,20888.0,2469.0,288.0,0.0,5195.0,547.0,777.0,21488.0,20120.0,1682.0,714.0,0.0,30.0,30.0,76.0,0.0,38560.0,42536.0,42536.0,341.0,2203.0,30.0,2119.0,0.0,0.0,1421.0,49.0,1547.0,24527.0,43755.0,43755.0,43755.0,43755.0,1219.0,1219.0,1076.0,978.0,98.0,892.0,192.0,31859.0,28595.0,83.0,522.0,209.0,32842.0,560379.0,6185
35,MN23,130.0,79.0,274.0,5815.0,853.0,5766.0,7087.0,1301.0,1133.0,0.0,1768.0,0.0,2242.0,0.0,415.0,35454.0,32523.0,4805.0,286.0,0.0,3908.0,956.0,1029.0,31731.0,28762.0,4123.0,848.0,0.0,0.0,0.0,50.0,0.0,63277.0,65278.0,65278.0,319.0,2024.0,0.0,621.0,0.0,0.0,1128.0,402.0,1326.0,42753.0,67185.0,67185.0,67185.0,67185.0,1907.0,1907.0,1750.0,1647.0,103.0,2200.0,130.0,56904.0,54147.0,71.0,1106.0,344.0,58725.0,863425.0,5712
36,MN24,0.0,0.0,86.0,9343.0,422.0,9310.0,10147.0,892.0,854.0,14.0,1171.0,0.0,7344.0,0.0,112.0,19929.0,17659.0,2360.0,167.0,19.0,2188.0,237.0,419.0,20130.0,17081.0,2086.0,543.0,0.0,19.0,19.0,70.0,0.0,37871.0,38731.0,38731.0,468.0,1177.0,0.0,356.0,0.0,0.0,811.0,239.0,1070.0,22289.0,40059.0,40059.0,40059.0,40059.0,1328.0,1328.0,1104.0,1047.0,57.0,2096.0,286.0,27666.0,26345.0,55.0,726.0,206.0,28881.0,515725.0,5520
37,MN25,41.0,28.0,207.0,7133.0,1193.0,7120.0,7946.0,1208.0,1107.0,39.0,1501.0,0.0,3416.0,0.0,122.0,18786.0,16659.0,1295.0,342.0,0.0,3623.0,234.0,1406.0,18720.0,15801.0,1075.0,313.0,0.0,0.0,0.0,0.0,0.0,33883.0,36360.0,36360.0,409.0,2148.0,0.0,1040.0,0.0,0.0,1496.0,111.0,1563.0,22827.0,37506.0,37506.0,37506.0,37506.0,1146.0,1146.0,993.0,933.0,60.0,2430.0,133.0,26482.0,24524.0,114.0,659.0,113.0,27453.0,481722.0,5170
38,MN27,266.0,232.0,422.0,30032.0,275.0,30032.0,30450.0,2049.0,1837.0,23.0,2628.0,5.0,27885.0,0.0,121.0,23344.0,20186.0,4158.0,224.0,0.0,5918.0,178.0,406.0,23206.0,19663.0,3035.0,296.0,0.0,0.0,0.0,129.0,0.0,40632.0,45417.0,45417.0,1014.0,2903.0,0.0,2598.0,0.0,0.0,3375.0,382.0,3714.0,20077.0,46550.0,46550.0,46550.0,46550.0,1133.0,1133.0,764.0,764.0,0.0,1618.0,50.0,9695.0,7385.0,36.0,331.0,293.0,10529.0,612460.0,5092
39,MN28,318.0,94.0,1126.0,19324.0,949.0,19151.0,20203.0,7840.0,6596.0,101.0,9394.0,0.0,16062.0,0.0,79.0,39278.0,33214.0,7519.0,189.0,0.0,28817.0,483.0,406.0,34965.0,28962.0,5358.0,923.0,13.0,13.0,0.0,32.0,0.0,45426.0,70940.0,70940.0,986.0,7686.0,0.0,20129.0,0.0,0.0,14571.0,514.0,15990.0,32183.0,74243.0,74243.0,74243.0,74243.0,3303.0,3303.0,1362.0,1202.0,160.0,3205.0,249.0,28874.0,17709.0,274.0,458.0,644.0,31412.0,949901.0,4644
40,MN32,30.0,0.0,132.0,7066.0,1240.0,7034.0,7789.0,2669.0,2329.0,3.0,2985.0,0.0,2795.0,0.0,173.0,44248.0,39382.0,7066.0,442.0,0.0,7105.0,1261.0,874.0,33428.0,29023.0,4969.0,1012.0,51.0,207.0,207.0,238.0,0.0,70571.0,76427.0,76427.0,382.0,3168.0,156.0,2752.0,0.0,0.0,1590.0,229.0,1818.0,48567.0,77676.0,77676.0,77676.0,77676.0,1249.0,1249.0,1035.0,946.0,89.0,3658.0,72.0,64865.0,59737.0,78.0,596.0,248.0,65963.0,996334.0,4604
41,MN33,130.0,2.0,296.0,6026.0,1081.0,5932.0,6662.0,18032.0,15029.0,26.0,18592.0,0.0,2786.0,0.0,224.0,31376.0,25951.0,4953.0,798.0,0.0,26328.0,355.0,508.0,28418.0,22084.0,2441.0,3867.0,0.0,21.0,9.0,87.0,0.0,33466.0,57886.0,57886.0,472.0,7555.0,21.0,14682.0,0.0,0.0,11177.0,483.0,12176.0,24934.0,59794.0,59794.0,59794.0,59794.0,1908.0,1908.0,926.0,773.0,153.0,3432.0,26.0,22500.0,11085.0,87.0,337.0,326.0,24012.0,749401.0,4398
42,MN35,94.0,34.0,387.0,2067.0,332.0,2032.0,2517.0,5899.0,3330.0,62.0,7023.0,0.0,604.0,0.0,1258.0,37732.0,31455.0,5987.0,387.0,0.0,46510.0,171.0,371.0,33353.0,26494.0,3352.0,2314.0,0.0,112.0,0.0,148.0,0.0,24575.0,68598.0,68598.0,139.0,38377.0,112.0,4561.0,0.0,0.0,28061.0,211.0,29662.0,27031.0,71085.0,71085.0,71085.0,71085.0,2487.0,2487.0,553.0,473.0,80.0,3761.0,63.0,32365.0,18415.0,69.0,240.0,423.0,33998.0,883704.0,3581
43,MN36,746.0,101.0,1676.0,2558.0,472.0,2445.0,3303.0,16426.0,10853.0,160.0,19352.0,0.0,910.0,0.0,1197.0,45347.0,36634.0,6359.0,378.0,0.0,64553.0,199.0,326.0,44204.0,36476.0,4117.0,7108.0,0.0,42.0,0.0,192.0,0.0,24998.0,84471.0,84471.0,247.0,51140.0,42.0,5108.0,0.0,0.0,39206.0,526.0,41764.0,30936.0,89551.0,89551.0,89551.0,89551.0,5080.0,5080.0,1374.0,1233.0,141.0,4794.0,26.0,25493.0,9699.0,239.0,310.0,1342.0,28883.0,1110941.0,3423
44,QN01,327.0,248.0,534.0,2336.0,1173.0,2320.0,2778.0,25838.0,24897.0,147.0,26752.0,152.0,152.0,0.0,159.0,19984.0,15053.0,2797.0,130.0,0.0,6240.0,16.0,7.0,16880.0,11843.0,1410.0,503.0,0.0,24.0,24.0,467.0,0.0,30624.0,35270.0,35270.0,799.0,3802.0,0.0,1776.0,24.0,0.0,5350.0,1685.0,6242.0,13399.0,36864.0,36864.0,36864.0,36864.0,1594.0,1594.0,1212.0,603.0,609.0,2652.0,59.0,1395.0,238.0,11.0,6.0,193.0,1741.0,456795.0,3140
45,QN17,139.0,139.0,537.0,20655.0,3579.0,20625.0,21816.0,2267.0,2165.0,48.0,2778.0,0.0,10974.0,0.0,543.0,46316.0,38582.0,9073.0,1109.0,18.0,10414.0,1384.0,1582.0,38378.0,31858.0,6117.0,537.0,0.0,18.0,0.0,148.0,0.0,74280.0,82613.0,82613.0,1879.0,6306.0,0.0,3028.0,0.0,0.0,3846.0,292.0,4381.0,41717.0,84694.0,84694.0,84694.0,84694.0,2081.0,2081.0,1489.0,1170.0,319.0,4787.0,148.0,55688.0,49570.0,211.0,692.0,326.0,57207.0,1087299.0,3061
46,QN19,118.0,86.0,260.0,946.0,145.0,938.0,1104.0,348.0,282.0,9.0,603.0,0.0,127.0,0.0,107.0,16524.0,13573.0,2689.0,301.0,0.0,11172.0,8.0,24.0,15226.0,11298.0,1579.0,536.0,0.0,9.0,9.0,39.0,0.0,20578.0,31083.0,31083.0,298.0,5120.0,9.0,5409.0,0.0,0.0,1471.0,43.0,1754.0,12546.0,31750.0,31750.0,31750.0,31750.0,667.0,667.0,249.0,177.0,72.0,1946.0,43.0,28191.0,18971.0,90.0,99.0,113.0,28707.0,394446.0,3001
47,QN20,190.0,72.0,366.0,5559.0,665.0,5442.0,5897.0,1787.0,1157.0,8.0,2519.0,0.0,2797.0,0.0,397.0,35615.0,27273.0,3695.0,946.0,0.0,35863.0,241.0,27.0,34551.0,26231.0,2530.0,4202.0,0.0,0.0,0.0,106.0,0.0,34303.0,68588.0,68588.0,772.0,17254.0,0.0,14010.0,0.0,0.0,6092.0,120.0,6812.0,25836.0,70166.0,70166.0,70166.0,70166.0,1578.0,1578.0,445.0,397.0,48.0,5407.0,111.0,54960.0,27067.0,32.0,146.0,462.0,56222.0,869628.0,2915
48,QN22,691.0,669.0,1111.0,46415.0,4127.0,46310.0,47551.0,3192.0,2671.0,42.0,3817.0,128.0,31633.0,0.0,183.0,36174.0,31080.0,6731.0,1429.0,0.0,10939.0,255.0,6332.0,33208.0,27385.0,4283.0,615.0,0.0,0.0,0.0,0.0,0.0,58443.0,67097.0,67097.0,2357.0,8100.0,0.0,2041.0,0.0,1.0,3950.0,276.0,4841.0,27764.0,69382.0,69382.0,69382.0,69382.0,2285.0,2285.0,1904.0,1330.0,574.0,3025.0,282.0,12849.0,6613.0,208.0,734.0,200.0,14525.0,913280.0,2354
49,QN28,368.0,251.0,1339.0,25597.0,8157.0,25345.0,27077.0,2853.0,2077.0,67.0,3898.0,0.0,6476.0,0.0,1253.0,51619.0,41475.0,7258.0,1296.0,0.0,57031.0,307.0,1145.0,53569.0,43355.0,4603.0,9608.0,0.0,26.0,0.0,192.0,0.0,48157.0,101441.0,101441.0,7916.0,41954.0,26.0,4216.0,0.0,0.0,22146.0,1227.0,23645.0,39188.0,105188.0,105188.0,105188.0,105188.0,3747.0,3747.0,1739.0,1160.0,579.0,6142.0,300.0,50451.0,17518.0,493.0,634.0,575.0,52941.0,1328377.0,2344
50,QN31,134.0,102.0,550.0,15435.0,2402.0,15301.0,16199.0,1471.0,1096.0,9.0,1906.0,30.0,4632.0,0.0,729.0,30686.0,25808.0,3627.0,1307.0,0.0,21198.0,727.0,2534.0,29889.0,25474.0,2515.0,3097.0,0.0,0.0,0.0,7.0,0.0,39377.0,58747.0,58747.0,3787.0,14188.0,0.0,3184.0,0.0,0.0,5532.0,236.0,6302.0,28710.0,60575.0,60575.0,60575.0,60575.0,1828.0,1828.0,992.0,927.0,65.0,3345.0,46.0,36175.0,21650.0,170.0,468.0,135.0,37620.0,773224.0,2256
51,QN34,161.0,96.0,1311.0,10692.0,7053.0,10520.0,11905.0,30243.0,28682.0,460.0,32392.0,0.0,609.0,0.0,183.0,29705.0,23778.0,3877.0,1781.0,0.0,10801.0,0.0,236.0,27844.0,21553.0,2926.0,551.0,75.0,75.0,75.0,384.0,0.0,46748.0,53907.0,53907.0,1013.0,7361.0,0.0,2706.0,0.0,0.0,4416.0,1367.0,5914.0,16826.0,57549.0,57549.0,57549.0,57549.0,3642.0,3642.0,2781.0,2022.0,759.0,2974.0,0.0,8320.0,3227.0,93.0,183.0,441.0,10066.0,720479.0,2222
52,QN46,202.0,190.0,353.0,15452.0,657.0,15390.0,16204.0,1262.0,1112.0,88.0,1655.0,0.0,8095.0,0.0,442.0,23808.0,19520.0,4160.0,256.0,0.0,6086.0,52.0,5877.0,21714.0,17274.0,2987.0,155.0,0.0,6.0,6.0,6.0,0.0,39436.0,44324.0,44324.0,475.0,4469.0,6.0,1020.0,0.0,0.0,2438.0,450.0,2560.0,16964.0,45522.0,45522.0,45522.0,45522.0,1198.0,1198.0,913.0,874.0,39.0,2257.0,40.0,24964.0,21375.0,28.0,690.0,223.0,26017.0,581379.0,2015
53,QN51,102.0,97.0,288.0,28014.0,1669.0,27903.0,28625.0,977.0,764.0,46.0,1560.0,0.0,13735.0,0.0,200.0,26685.0,22491.0,4803.0,464.0,0.0,7766.0,121.0,10283.0,24824.0,20312.0,3408.0,409.0,0.0,0.0,0.0,143.0,0.0,43743.0,50192.0,50192.0,1307.0,6128.0,0.0,1029.0,0.0,0.0,3667.0,146.0,3813.0,18976.0,51509.0,51509.0,51509.0,51509.0,1317.0,1317.0,851.0,792.0,59.0,2850.0,435.0,17432.0,13982.0,57.0,414.0,431.0,18478.0,669333.0,1824
54,QN70,209.0,25.0,445.0,10175.0,1493.0,10109.0,10970.0,4156.0,3511.0,39.0,4791.0,15.0,2639.0,0.0,701.0,38146.0,33295.0,5819.0,1221.0,0.0,21277.0,1182.0,975.0,37003.0,31748.0,3946.0,4401.0,0.0,41.0,32.0,68.0,0.0,53872.0,73116.0,73116.0,2535.0,11582.0,41.0,4593.0,0.0,0.0,5973.0,545.0,6886.0,36902.0,75149.0,75149.0,75149.0,75149.0,2033.0,2033.0,1095.0,837.0,258.0,2968.0,130.0,52562.0,38555.0,79.0,532.0,356.0,54133.0,953760.0,1769
55,SI05,134.0,134.0,144.0,6600.0,2399.0,6586.0,6771.0,1634.0,1489.0,0.0,1882.0,0.0,1507.0,30.0,214.0,20733.0,16378.0,3607.0,1004.0,0.0,5772.0,6.0,608.0,18784.0,14560.0,2567.0,765.0,0.0,0.0,0.0,17.0,0.0,33745.0,39025.0,39025.0,831.0,1990.0,0.0,2803.0,0.0,0.0,916.0,90.0,1119.0,14282.0,39517.0,39517.0,39517.0,39517.0,492.0,492.0,177.0,177.0,0.0,2308.0,245.0,29741.0,25269.0,0.0,100.0,112.0,30084.0,495416.0,1491
56,SI25,16.0,0.0,62.0,463.0,141.0,463.0,527.0,601.0,539.0,0.0,747.0,0.0,188.0,0.0,339.0,11610.0,9321.0,2631.0,77.0,0.0,2686.0,0.0,37.0,10428.0,8140.0,1656.0,51.0,0.0,0.0,0.0,0.0,0.0,19352.0,21741.0,21741.0,20.0,827.0,0.0,1469.0,0.0,0.0,283.0,20.0,373.0,8733.0,22038.0,22038.0,22038.0,22038.0,297.0,297.0,239.0,207.0,32.0,1201.0,0.0,20378.0,18091.0,46.0,27.0,120.0,20626.0,274995.0,847
57,SI54,106.0,106.0,182.0,1675.0,192.0,1664.0,1826.0,64.0,64.0,0.0,126.0,0.0,683.0,0.0,72.0,22168.0,17884.0,3534.0,97.0,0.0,3169.0,26.0,24.0,21259.0,15877.0,2423.0,366.0,0.0,0.0,0.0,11.0,0.0,40258.0,43112.0,43112.0,645.0,1348.0,0.0,1383.0,0.0,0.0,219.0,0.0,248.0,15716.0,43427.0,43427.0,43427.0,43427.0,315.0,315.0,291.0,262.0,29.0,2181.0,8.0,41048.0,38133.0,76.0,137.0,62.0,41349.0,537553.0,795
