,key_0,Armed Forces,Unemployed:,"Agriculture, forestry, fishing, hunting, and mining","Arts, entertainment, and recreation, and accommodation and food services",Construction,"Finance and insurance, and real estate and rental and leasing",Government workers,Information,"Less than $10,000.1",Manufacturing,"Natural resources, construction, and maintenance occupations","Other services, except public administration","Production, transportation, and material moving occupations","Professional, scientific, and management, and administrative and waste management services",Public administration,Self-employed in own not incorporated business workers,"Transportation and warehousing, and utilities",Unpaid family workers,Wholesale trade,With Supplemental Security Income,With cash public assistance income,With retirement income,bbl,boro_code,county_fip,incident_zip,latitude,longitude,shape_area,shape_leng,unique_key,x_coordinate_(state_plane),y_coordinate_(state_plane),X_insur,Counts
0,BK17,0.0,2505.0,17.0,1504.0,1397.0,2651.0,5272.0,602.0,1129.0,1177.0,1795.0,1431.0,3042.0,2805.0,1394.0,1353.0,2271.0,19.0,862.0,2089.0,1016.0,3941.0,3075952111.27727,3.0,47.0,11232.77418765973,40.589849983759564,-73.94330355766263,63341499.22490852,91051.02899730187,32011612.691310696,999996.7272727273,154179.88335158819,3172599972.2538447,26221
1,BK27,0.0,1029.0,10.0,1264.0,778.0,1155.0,1841.0,276.0,399.0,784.0,986.0,598.0,1334.0,1529.0,316.0,491.0,1067.0,0.0,396.0,1009.0,496.0,1761.0,3064189435.8520446,3.0,47.0,11217.067076923076,40.604041565618466,-74.00623464899388,20534621.195800547,22383.743244200297,32883797.52,982518.8043076923,159345.112,3118800854.8922806,21881
2,BK28,21.0,3730.0,55.0,4954.0,3002.0,3450.0,3878.0,810.0,832.0,2416.0,3735.0,2145.0,5189.0,3793.0,1007.0,1928.0,2683.0,30.0,1220.0,2559.0,1469.0,3719.0,3059028517.333709,3.0,47.0,11211.583857030637,40.6123301020677,-73.99555614848263,46670569.57889624,37137.43968129964,31826549.621759623,985483.8083267871,162364.82187745484,3138774475.804881,21127
3,BK31,332.0,3463.0,58.0,3128.0,2026.0,4482.0,6563.0,1322.0,750.0,1719.0,2222.0,2020.0,3282.0,4898.0,2370.0,1942.0,2410.0,0.0,723.0,1208.0,939.0,5193.0,3059857046.2797174,3.0,47.0,11210.603343283583,40.62674218569766,-74.02891180095877,67119995.31428628,44410.04567710497,31942175.429492537,976224.4410746269,167616.8127761194,3160169745.524198,20495
4,BK32,1.0,2791.0,56.0,4680.0,1962.0,1318.0,2118.0,990.0,865.0,1995.0,2489.0,1767.0,3673.0,2471.0,498.0,1421.0,1160.0,16.0,794.0,1163.0,1258.0,1119.0,3015538065.3778925,3.0,47.0,11223.5,40.650481658389815,-74.00750400445968,50035277.66800047,83342.78886979826,33376637.26435574,982167.4424019608,176264.61974789915,3100237600.304246,20295
5,BK33,8.0,2061.0,12.0,2141.0,363.0,2069.0,2803.0,2149.0,567.0,778.0,400.0,757.0,809.0,4543.0,792.0,2321.0,394.0,0.0,500.0,1054.0,491.0,1497.0,3001882007.2386923,3.0,47.0,11226.392077607114,40.68087996349502,-74.00087202126248,44601379.398101576,60820.884103597215,32433722.89054163,984008.0797089733,187339.4118027486,3080187029.975036,20028
6,BK34,15.0,3851.0,49.0,8565.0,2866.0,1281.0,2591.0,533.0,1479.0,2925.0,3211.0,2464.0,5292.0,2510.0,682.0,2411.0,1473.0,67.0,1008.0,1607.0,1748.0,1250.0,3022386177.787755,3.0,47.0,11222.98746867168,40.64302030223761,-74.00481501972968,27125856.85580002,25948.767859299995,23276014.86215539,982913.694235589,173546.10025062656,3074029575.69373,19166
7,BK35,31.0,4635.0,0.0,1816.0,1334.0,1884.0,5933.0,582.0,2093.0,761.0,1553.0,1263.0,2507.0,2727.0,1932.0,1500.0,1922.0,0.0,512.0,2776.0,2253.0,2730.0,3016462322.2478347,3.0,47.0,11221.132746641964,40.68853070032803,-73.93266921148758,31406935.743403543,28239.080557500172,33616537.27753589,1002922.8054654932,190133.97962019453,3082759073.0230255,19137
8,BK37,30.0,3042.0,62.0,4478.0,795.0,4682.0,6425.0,4709.0,315.0,1465.0,967.0,2293.0,1382.0,9906.0,1846.0,4416.0,997.0,0.0,789.0,638.0,279.0,2914.0,3008052274.0586762,3.0,47.0,11216.18550955414,40.6726546421778,-73.98271941740578,42509225.91468832,31476.809114993885,32662032.37794586,989043.4682324841,184343.1428343949,3084492058.6469374,18243
9,BK38,0.0,1981.0,0.0,1725.0,290.0,2024.0,2287.0,1432.0,675.0,826.0,399.0,803.0,601.0,3832.0,801.0,1817.0,339.0,19.0,452.0,1191.0,701.0,1300.0,3002657147.060285,3.0,47.0,11205.686173988484,40.691878098988646,-73.98535202756744,28477918.57210022,32542.898753702393,33581589.39458948,988312.0951179115,191346.63672213897,3065963574.0502687,17239
10,BK41,67.0,1424.0,0.0,1346.0,1225.0,948.0,1911.0,782.0,413.0,580.0,1303.0,982.0,1607.0,1600.0,505.0,1403.0,1005.0,19.0,231.0,1054.0,372.0,1151.0,3053616388.368485,3.0,47.0,11218.0,40.64058608771323,-73.97582911052865,15893305.159799771,20800.752637298818,32723381.689436853,990958.1199600133,172660.09663445517,3103448656.85171,16616
11,BK42,68.0,5291.0,0.0,3992.0,2281.0,3644.0,7351.0,1468.0,1718.0,1487.0,2873.0,3270.0,4752.0,5298.0,1763.0,4175.0,3303.0,0.0,1057.0,2739.0,1924.0,2857.0,3053148987.5120783,3.0,47.0,11224.211930496647,40.64221153179287,-73.96075475875223,45254807.164194085,38737.853080587905,32449287.523806266,995141.4135996717,173253.83007251334,3132132767.1902184,15338
12,BK61,97.0,6149.0,39.0,3719.0,1799.0,3812.0,8219.0,1814.0,3136.0,1236.0,2376.0,2612.0,3733.0,4558.0,2378.0,2338.0,3086.0,28.0,734.0,3231.0,2891.0,3632.0,3012479742.1430745,3.0,47.0,11220.887390918117,40.67425697143455,-73.94295173930158,51619074.18799028,35635.542856097374,33434840.525160685,1000074.5418299629,184931.76239744996,3098827153.3220053,15273
13,BK63,14.0,3019.0,0.0,1339.0,519.0,1285.0,3234.0,493.0,749.0,364.0,688.0,1198.0,1400.0,1508.0,1065.0,986.0,1237.0,18.0,230.0,1091.0,644.0,1593.0,3013042385.6583734,3.0,47.0,11221.791123188406,40.6667848401559,-73.94992582008668,15989888.573301807,24192.4557120979,33322844.08387681,998141.5721014492,182208.17445652175,3063593573.0258045,14618
14,BK64,0.0,1038.0,0.0,1219.0,142.0,1191.0,2058.0,1701.0,228.0,276.0,302.0,577.0,433.0,2350.0,676.0,1289.0,391.0,30.0,156.0,120.0,189.0,743.0,3010030692.1250896,3.0,47.0,11234.498646034815,40.67703030832652,-73.9669221075168,10230580.611600772,15073.773316501274,33124445.159574468,993425.0529980657,185938.55222437138,3054606515.4835577,14358
15,BK69,0.0,1893.0,38.0,2447.0,551.0,1609.0,3189.0,1348.0,326.0,548.0,620.0,850.0,1062.0,3674.0,914.0,1705.0,841.0,0.0,337.0,615.0,289.0,1767.0,3016192707.719416,3.0,47.0,11225.576368551476,40.68664239608571,-73.96180245204131,20528197.639598325,23971.46626249716,32733812.751182698,994843.5901103852,189441.0943906285,3070698839.5621686,14351
16,BK72,0.0,409.0,62.0,243.0,222.0,545.0,524.0,130.0,976.0,849.0,239.0,422.0,696.0,654.0,125.0,275.0,172.0,0.0,523.0,825.0,385.0,269.0,3022057857.1596932,3.0,47.0,11221.349349915206,40.704684442743954,-73.9570167522734,11589988.38610039,16874.43339959983,32021963.465234596,996167.606557377,196015.01413227813,3066898649.1621356,13744
17,BK73,27.0,1737.0,13.0,4125.0,813.0,1911.0,2094.0,2199.0,788.0,1167.0,824.0,1105.0,1267.0,5346.0,628.0,2438.0,693.0,101.0,639.0,1459.0,659.0,716.0,3022988849.119343,3.0,47.0,11225.307732467081,40.714111016600505,-73.95843324847702,28869767.88590928,28149.979654905073,33222358.734729394,995773.2279134521,199449.16346655838,3086346339.1744266,13539
18,BK75,0.0,3434.0,69.0,2913.0,1259.0,1814.0,4984.0,1154.0,1787.0,1020.0,1745.0,1032.0,2331.0,2716.0,1401.0,1363.0,1701.0,23.0,644.0,2445.0,1833.0,2130.0,3016138733.321499,3.0,47.0,11213.18303075213,40.68911354226314,-73.94983227029067,32629788.28859236,29992.92404069394,33728851.327010006,998162.8347536124,190343.08655057428,3083764899.7047586,13495
19,BK76,10.0,1249.0,18.0,2717.0,1715.0,1188.0,1853.0,1975.0,355.0,978.0,1691.0,1012.0,1351.0,3504.0,564.0,1619.0,561.0,44.0,412.0,462.0,194.0,917.0,3024949187.0089173,3.0,47.0,11222.015400955921,40.72896927040614,-73.95209936363392,35321996.123199485,28914.354452901123,33365253.367896974,997526.2302177376,204863.39152947423,3094903368.268485,13268
20,BK77,42.0,3054.0,46.0,4191.0,3155.0,917.0,2299.0,705.0,1758.0,2422.0,3316.0,1971.0,4984.0,2871.0,421.0,1876.0,1523.0,28.0,822.0,2078.0,1134.0,768.0,3032686107.3683653,3.0,47.0,11234.284231787156,40.70056136435705,-73.91815926728911,24927927.392803244,26321.626854797185,34465692.01950132,1006942.7745507731,194520.52347123556,3093359143.7721806,13151
21,BK78,0.0,4596.0,32.0,3823.0,1367.0,1647.0,4642.0,1065.0,2006.0,1479.0,1845.0,1684.0,3356.0,3591.0,1252.0,1976.0,1956.0,85.0,695.0,3271.0,1488.0,1755.0,3030982873.291064,3.0,47.0,11214.273227263799,40.6965331222786,-73.92590458719174,40169452.43889725,40735.74214390799,34246595.993321545,1004796.5700255353,193051.09467688078,3106692347.1739845,12679
22,BK88,19.0,2610.0,39.0,3368.0,2732.0,2729.0,2651.0,488.0,1389.0,2023.0,2834.0,2149.0,2950.0,3107.0,473.0,2399.0,1030.0,60.0,1949.0,1765.0,1987.0,2180.0,3055852495.144485,3.0,47.0,11215.530528775927,40.63262882831441,-73.98956996281103,54005018.74719522,39247.22807370106,32682291.79257961,987145.0657318142,169760.3955594508,3143788121.5472126,12560
23,BK96,48.0,3040.0,0.0,1342.0,1414.0,1450.0,5416.0,496.0,929.0,620.0,2198.0,1723.0,2284.0,1792.0,1399.0,1173.0,2142.0,0.0,169.0,1141.0,921.0,2585.0,3048806898.69212,3.0,47.0,11211.107829079438,40.65507370397316,-73.9232149802545,32706946.97630202,30957.854722798755,31750002.852021795,1005555.3541726413,177946.75910524806,3114521818.328132,12385
24,BX01,0.0,2469.0,32.0,854.0,407.0,409.0,1540.0,110.0,1472.0,237.0,648.0,553.0,914.0,710.0,504.0,305.0,506.0,0.0,70.0,2033.0,1365.0,638.0,2028504665.1650755,2.0,5.0,10456.561755146262,40.84049266889139,-73.90187546116661,16451615.973199561,29972.777720198887,32592367.596695557,1011400.5268147346,245506.74864572048,2078861735.288524,11557
25,BX03,43.0,2757.0,34.0,659.0,605.0,1004.0,3609.0,185.0,651.0,345.0,1001.0,893.0,1500.0,850.0,823.0,556.0,1036.0,0.0,164.0,933.0,569.0,1220.0,2048572423.7179916,2.0,5.0,10467.397115722828,40.881166805520024,-73.84321190179604,40256794.72990072,59164.999949397934,31667648.530777346,1027606.1294407316,260349.5128385508,2121873866.055969,11182
26,BX05,42.0,2950.0,23.0,2351.0,1372.0,1207.0,2352.0,684.0,1711.0,889.0,1688.0,1607.0,2624.0,1719.0,408.0,1674.0,1238.0,0.0,351.0,2175.0,1269.0,1272.0,2032553251.3082073,2.0,5.0,10459.971496437054,40.86767977042267,-73.8902213034117,14998882.981200982,22565.481551200148,32793164.661576744,1014612.8896052482,255415.8557855446,2081677933.1268818,10802
27,BX09,0.0,1831.0,20.0,1335.0,574.0,1651.0,5132.0,527.0,1209.0,810.0,961.0,863.0,2249.0,1527.0,1240.0,573.0,1604.0,6.0,474.0,2341.0,886.0,2938.0,2031709696.8758018,2.0,5.0,10472.883796698523,40.81797430568142,-73.86000613636241,51983796.81589577,67340.98029059659,33587598.359470025,1022998.9504778454,237318.32145960035,2118647948.1451607,10795
28,BX13,38.0,2250.0,23.0,1146.0,619.0,2114.0,6295.0,453.0,655.0,156.0,1167.0,650.0,1147.0,1570.0,1288.0,333.0,1510.0,0.0,386.0,975.0,550.0,4251.0,2050876830.8837535,2.0,5.0,10473.353010625739,40.875167013409445,-73.83138343561484,39833695.173599474,30327.128154500333,32654697.73081464,1030881.3175914994,258169.6186540732,2124722625.249362,10610
29,BX17,45.0,2887.0,15.0,1452.0,441.0,1055.0,2071.0,236.0,2126.0,438.0,688.0,1045.0,1715.0,953.0,425.0,789.0,843.0,9.0,237.0,2764.0,1945.0,751.0,2029527478.0634315,2.0,5.0,10458.644392987098,40.84505234051665,-73.88694272460398,19255162.900498338,29633.13672900147,33113951.79391333,1015530.4168044989,247172.99090307642,2083222291.9047825,10466
30,BX22,9.0,686.0,5.0,962.0,458.0,1434.0,2158.0,419.0,98.0,343.0,555.0,795.0,622.0,1528.0,496.0,935.0,518.0,10.0,206.0,227.0,129.0,2142.0,2058650858.2101374,2.0,5.0,10469.199819982,40.89836393585191,-73.90322302996098,49048279.35600183,31851.14338859927,32851936.865436543,1011004.4509450945,266591.1062106211,2141885699.327081,10166
31,BX26,0.0,2712.0,12.0,1592.0,522.0,903.0,1780.0,241.0,1164.0,658.0,810.0,1089.0,1960.0,966.0,341.0,1016.0,1079.0,0.0,258.0,2080.0,1433.0,968.0,2025765911.6970017,2.0,5.0,10451.999198610925,40.8361873749473,-73.92555268243424,16457634.822098589,18506.31008370105,34270744.8974222,1004850.5911580072,243931.69093094696,2077793589.9185283,9779
32,BX27,21.0,2054.0,39.0,1145.0,576.0,499.0,793.0,170.0,1208.0,306.0,800.0,683.0,1158.0,820.0,172.0,581.0,418.0,0.0,294.0,1590.0,997.0,517.0,2027591625.909391,2.0,5.0,10466.933771209633,40.81919812343448,-73.88932483477397,49729963.379497476,44726.82174290145,32032650.308155447,1014883.2463054187,237752.4800218938,2110676884.0087588,8878
33,BX28,8.0,3394.0,371.0,2175.0,823.0,1686.0,3561.0,386.0,1172.0,841.0,1769.0,1330.0,2462.0,1891.0,690.0,1524.0,1538.0,11.0,383.0,1441.0,1126.0,1936.0,2032760952.2147048,2.0,5.0,10466.009310302585,40.8742025559271,-73.89713976951056,25666125.401603196,21945.72010269817,32926521.967903957,1012696.638123239,257790.04299889746,2092686989.9718099,8841
34,BX31,18.0,2120.0,0.0,917.0,788.0,1169.0,2409.0,328.0,492.0,297.0,1069.0,882.0,1243.0,886.0,647.0,442.0,1002.0,13.0,271.0,719.0,436.0,1782.0,2045195823.895288,2.0,5.0,10468.997022332505,40.86622556261764,-73.84997682958053,31693044.305999782,25467.11734449913,32358735.875434242,1025744.8461538461,254902.56377171216,2110582091.617263,8722
35,BX34,56.0,2738.0,0.0,1648.0,516.0,604.0,1920.0,179.0,1646.0,717.0,666.0,573.0,1834.0,809.0,404.0,868.0,862.0,0.0,264.0,2471.0,1664.0,857.0,2024905308.5728939,2.0,5.0,10453.68152333124,40.81837146368053,-73.91296204618476,17271780.95959986,19589.196731199172,31649591.526469972,1008341.1203180582,237443.94224733207,2075123778.905193,8722
36,BX43,13.0,2398.0,21.0,2100.0,710.0,1658.0,2347.0,379.0,774.0,636.0,1038.0,1015.0,1789.0,886.0,671.0,968.0,1065.0,0.0,504.0,1481.0,735.0,1080.0,2033086822.3949308,2.0,5.0,10466.858915323612,40.87776451243309,-73.87802741794654,15724928.465102136,22150.30805489692,32168941.042082373,1017980.4791506779,259094.56855973395,2082312626.116533,8660
37,BX44,31.0,4282.0,3.0,1677.0,822.0,1604.0,4525.0,402.0,1387.0,617.0,1691.0,1717.0,2434.0,1861.0,939.0,1177.0,2019.0,17.0,393.0,1634.0,1429.0,2798.0,2047286712.0914898,2.0,5.0,10466.776985458613,40.88243690834396,-73.86119914423402,36273595.34229323,27351.077378698403,31120608.113674495,1022631.4093959732,260803.85318791945,2116035601.6856434,8375
38,BX46,0.0,1386.0,0.0,1451.0,363.0,1696.0,3719.0,431.0,404.0,289.0,683.0,614.0,1152.0,1274.0,908.0,737.0,1183.0,0.0,118.0,935.0,237.0,1624.0,2039405416.6881332,2.0,5.0,10462.01341381623,40.837487985663195,-73.85876284921656,9184677.247400168,12411.788428900187,29550227.682092555,1023331.566063045,244428.302481556,2079450133.2667384,8317
39,BX49,0.0,1004.0,0.0,1456.0,1010.0,1006.0,2573.0,188.0,417.0,1039.0,1116.0,772.0,1318.0,1238.0,624.0,683.0,663.0,0.0,178.0,752.0,272.0,1418.0,2042873938.3081424,2.0,5.0,10461.71616137503,40.85440101512047,-73.8604674393554,23032576.36680092,25823.036622498214,31716451.68703748,1022850.0713774171,250589.68918596325,2098950391.8692615,8163
40,BX52,52.0,2267.0,36.0,1788.0,1116.0,1829.0,4169.0,553.0,770.0,619.0,1436.0,941.0,2157.0,2457.0,1336.0,757.0,1557.0,45.0,593.0,842.0,516.0,3396.0,2055025602.224299,2.0,5.0,10464.038759689922,40.82566074965799,-73.82323656570601,88439963.78339127,91304.79100690504,32061459.740310077,1033170.8884582256,240137.14211886306,2176931308.6107683,8117
41,BX63,61.0,2455.0,11.0,2062.0,601.0,707.0,2007.0,157.0,1260.0,890.0,1282.0,1263.0,1973.0,1318.0,296.0,1085.0,1048.0,0.0,281.0,1646.0,1203.0,931.0,2026223845.4816792,2.0,5.0,10451.809289146237,40.83460351302814,-73.91957529453002,19379817.579301856,28499.044489094293,33223741.262042627,1006505.0869779475,243356.10434889738,2080138727.2831569,8076
42,MN03,30.0,5903.0,22.0,2958.0,821.0,2819.0,7490.0,1420.0,2104.0,655.0,1251.0,1750.0,2602.0,3989.0,2102.0,2198.0,2077.0,0.0,529.0,3399.0,2114.0,3984.0,1019654120.525647,1.0,61.0,10033.191015339664,40.81867614196899,-73.94133518451257,25403483.77830653,27983.885180595335,32919952.761191692,1000487.6152040071,237548.39262235208,1079303856.0265086,7829
43,MN09,0.0,1649.0,16.0,1727.0,265.0,1730.0,2565.0,1234.0,704.0,554.0,416.0,1109.0,944.0,3675.0,377.0,2021.0,412.0,0.0,410.0,1167.0,661.0,2170.0,1019079752.8477253,1.0,61.0,10025.778771235151,40.80593163159987,-73.9617762670497,20155869.18800075,20746.05974609873,32276210.790139224,994831.8244986589,232901.98403372077,1072794173.3170702,7818
44,MN11,33.0,1932.0,0.0,2385.0,316.0,1837.0,4008.0,1568.0,1088.0,673.0,293.0,1312.0,1749.0,2807.0,1131.0,1700.0,1433.0,0.0,223.0,1504.0,1096.0,1227.0,1018222648.7192485,1.0,61.0,10026.368934190117,40.80370060465392,-73.95167971956744,14439304.703797055,16621.023753104408,33319129.714897703,997627.4387325504,232090.52197355786,1067265792.3433577,7611
45,MN12,38.0,4492.0,92.0,6930.0,736.0,12705.0,6550.0,5631.0,1075.0,1913.0,978.0,3100.0,1163.0,17125.0,2318.0,9379.0,1032.0,139.0,1688.0,2818.0,1162.0,8838.0,1013962763.6604583,1.0,61.0,10024.418399524702,40.79049144176181,-73.97238762845626,34379942.32690376,29160.20625929826,32527666.218088754,991895.8998217632,227275.50157671038,1082218659.0496118,7532
46,MN13,0.0,3230.0,21.0,4418.0,710.0,7686.0,2632.0,3862.0,437.0,1600.0,299.0,1344.0,982.0,10609.0,895.0,4514.0,614.0,23.0,961.0,1330.0,648.0,3609.0,1006439919.4440501,1.0,61.0,10008.341329468747,40.74577718277427,-73.9969145900591,37068382.050293505,45693.07413710527,32706208.05381183,985104.9776515007,210983.4184432325,1077516752.1085792,7487
47,MN14,0.0,2105.0,0.0,2928.0,328.0,8572.0,2030.0,2482.0,378.0,1141.0,279.0,1175.0,698.0,7109.0,765.0,3587.0,330.0,52.0,819.0,537.0,451.0,3851.0,1011007270.7047178,1.0,61.0,10024.95180011804,40.77495273981951,-73.98340953693389,15805586.592403976,19869.908677198433,32459290.987507377,988845.0302970686,221613.4348809758,1060552147.4018277,7152
48,MN15,0.0,2800.0,0.0,4127.0,367.0,4294.0,1591.0,2695.0,211.0,1489.0,421.0,1148.0,1135.0,5654.0,466.0,1983.0,489.0,43.0,693.0,870.0,506.0,1774.0,1010268933.1406863,1.0,61.0,10026.325830952546,40.76311263491137,-73.99077312338775,18362149.831093155,34481.62953799964,32806066.665110447,986805.9958887883,217299.38680231344,1062718547.7472895,6185
49,MN17,0.0,1265.0,32.0,1434.0,137.0,4894.0,1023.0,1159.0,163.0,950.0,151.0,568.0,311.0,4160.0,332.0,1431.0,249.0,0.0,526.0,383.0,314.0,1058.0,1009682184.8877642,1.0,61.0,10017.881915318554,40.755758804790275,-73.98405851072926,30191534.21630595,27032.70005369465,32821340.728280406,988666.4796784502,214620.43294387858,1073955966.098642,6177
50,MN19,21.0,1403.0,0.0,1996.0,233.0,8973.0,2562.0,2250.0,214.0,863.0,80.0,1001.0,444.0,8009.0,1442.0,2242.0,454.0,76.0,1031.0,367.0,279.0,3635.0,1010818601.9233216,1.0,61.0,10020.33244620181,40.754465493126304,-73.96894810513088,17389163.59210162,21124.053583896963,33491084.88639647,992853.0148277697,214150.34476465668,1062974601.9329597,6046
51,MN20,0.0,1603.0,15.0,2165.0,169.0,6980.0,2301.0,2664.0,279.0,1319.0,110.0,1260.0,613.0,7712.0,1064.0,1749.0,345.0,0.0,779.0,733.0,298.0,2412.0,1009152286.475999,1.0,61.0,10015.624061364553,40.74533545520848,-73.97816949579574,14485874.841602253,24491.310225194917,33126610.19232943,990299.0616875252,210823.19426725878,1058034999.467338,5712
52,MN21,10.0,1698.0,0.0,958.0,281.0,3438.0,792.0,1748.0,134.0,441.0,236.0,517.0,188.0,4483.0,271.0,1214.0,173.0,25.0,495.0,283.0,318.0,1362.0,1008924537.4620434,1.0,61.0,10007.660227835562,40.737332498170574,-73.98412476780054,7526926.61280876,12096.895039499062,33271013.15366518,988649.4280584448,207907.10425953442,1050960232.0693103,5636
53,MN22,0.0,1581.0,0.0,3823.0,322.0,4280.0,2045.0,2985.0,259.0,558.0,414.0,1135.0,825.0,6510.0,718.0,2668.0,629.0,29.0,552.0,675.0,294.0,1212.0,1004420912.0018905,1.0,61.0,10006.11711603274,40.727568619065345,-73.98553238608756,10894316.33510212,13555.239072501521,32069873.94378912,988259.9306692345,204349.75746268657,1048632816.0671386,5520
54,MN23,38.0,2334.0,38.0,3780.0,388.0,8228.0,2447.0,3715.0,120.0,1293.0,178.0,1308.0,385.0,10991.0,754.0,4436.0,224.0,0.0,1056.0,398.0,314.0,3458.0,1005843157.7399933,1.0,61.0,10011.057379848744,40.732891228173784,-74.00033888561325,24970650.30159028,28621.651483406273,32052377.24391315,984156.1080751403,206288.6483532569,1064141174.4833407,5478
55,MN24,0.0,1507.0,39.0,2563.0,511.0,5914.0,1309.0,1572.0,384.0,977.0,426.0,753.0,677.0,5250.0,335.0,2808.0,331.0,15.0,488.0,623.0,209.0,1210.0,1002115441.23673,1.0,61.0,10012.333607411061,40.720493534124316,-74.00327194956667,25032687.953304656,26855.0321431037,32305078.923422683,983342.9980814559,201771.80019733598,1060703119.9947083,5170
56,MN25,0.0,1276.0,0.0,1744.0,282.0,7477.0,1775.0,1141.0,45.0,652.0,315.0,641.0,281.0,6053.0,824.0,1249.0,235.0,0.0,478.0,151.0,118.0,1001.0,1000438891.1591959,1.0,61.0,10041.311905072369,40.70806273429826,-74.00959239017168,19014299.218101878,43738.49900039433,32631534.37847177,981590.538988134,197242.98806884862,1053343104.7922022,5092
57,MN27,0.0,1992.0,0.0,4826.0,509.0,2119.0,1747.0,1200.0,1079.0,1201.0,674.0,994.0,1787.0,3326.0,536.0,1665.0,782.0,76.0,686.0,2021.0,718.0,1437.0,1002931574.9964405,1.0,61.0,10006.531193216233,40.71763445517321,-73.99188996562413,14501867.882800622,20786.256385503515,32320540.447347928,986498.1177641257,200730.21839577745,1051001408.1760722,4779
58,MN28,89.0,3680.0,3.0,3970.0,598.0,3322.0,3890.0,1946.0,1766.0,1330.0,802.0,1640.0,2149.0,4718.0,1091.0,2351.0,1053.0,43.0,956.0,4715.0,1857.0,3870.0,1003349756.445499,1.0,61.0,10005.354914078987,40.71986750600729,-73.98130270306844,23297284.253697697,25466.69207930426,32525515.43450407,989432.7988393126,201544.23914681943,1060444872.9572451,4644
59,MN31,28.0,2225.0,15.0,3393.0,649.0,10384.0,2797.0,2842.0,218.0,1824.0,404.0,948.0,743.0,9711.0,1315.0,2397.0,445.0,38.0,1369.0,925.0,370.0,4096.0,1014321027.4480608,1.0,61.0,10046.58896500648,40.76669575505076,-73.95740574223997,21508615.88629831,39424.225652501744,32088351.849842623,996048.7230142566,218607.57563414183,1069229287.1067575,4604
60,MN32,0.0,3207.0,10.0,3518.0,477.0,10097.0,3683.0,3748.0,535.0,1738.0,481.0,1331.0,1204.0,11364.0,1585.0,3675.0,791.0,110.0,1421.0,1106.0,371.0,4517.0,1015346619.8182378,1.0,61.0,10079.261786961582,40.77767551929616,-73.94949075284283,13602063.887399085,17998.72063219702,32628940.84138533,998238.9167636787,222609.0234284051,1062881548.2978183,4398
61,MN33,0.0,3198.0,8.0,3364.0,627.0,2535.0,3085.0,926.0,1258.0,725.0,979.0,1555.0,2123.0,2906.0,956.0,1139.0,1123.0,0.0,381.0,2532.0,1713.0,2540.0,1016425995.041531,1.0,61.0,10032.160284338455,40.79053425365458,-73.94614582628894,16650687.171298046,18624.66448940002,32126668.524077047,999162.4510433386,227294.45815180003,1066492166.3152634,4189
62,MN34,0.0,3242.0,12.0,3481.0,533.0,1707.0,3220.0,590.0,1990.0,500.0,682.0,1218.0,1566.0,2284.0,793.0,898.0,970.0,0.0,287.0,3383.0,1996.0,1947.0,1017180826.3475201,1.0,61.0,10032.892413529524,40.79963814988996,-73.93801195324723,24494898.31670478,30603.718770092917,32306164.91372062,1001412.4063634627,230612.81597553985,1075285879.2730942,4055
63,MN35,135.0,5558.0,19.0,5027.0,1022.0,3408.0,4030.0,1210.0,875.0,1787.0,1557.0,2369.0,3427.0,3659.0,731.0,1935.0,940.0,18.0,813.0,2413.0,820.0,2662.0,1021703010.8239436,1.0,61.0,10037.853017984726,40.856888849229186,-73.93037590883097,22667347.357989356,26683.66202311198,33228687.226361174,1003509.9580684898,251472.9142645972,1078935193.7221813,3692
64,MN36,12.0,6803.0,46.0,6334.0,1497.0,2590.0,3873.0,1262.0,1354.0,2308.0,2165.0,2932.0,4780.0,3927.0,1003.0,2805.0,2064.0,51.0,855.0,4221.0,1500.0,3035.0,1021392699.5096493,1.0,61.0,10032.333932882095,40.84122272915106,-73.93991427361472,23092824.396989595,22106.422950907334,33122428.034836937,1000875.2728262413,245763.20689165522,1078942175.0793858,3654
65,MN40,12.0,1315.0,9.0,1729.0,450.0,8542.0,1394.0,1671.0,242.0,840.0,254.0,1010.0,223.0,7052.0,465.0,2725.0,145.0,76.0,829.0,350.0,132.0,3817.0,1014407555.5192791,1.0,61.0,10070.912158707435,40.775896723176594,-73.9599033915187,20065364.125303034,23778.410361705064,32273427.5892218,995355.2149504039,221959.498108191,1068030822.0853763,3506
66,QN01,0.0,2627.0,12.0,976.0,860.0,799.0,2873.0,371.0,756.0,610.0,1195.0,776.0,1870.0,1084.0,848.0,839.0,1736.0,23.0,259.0,668.0,836.0,1858.0,4107547971.5825763,4.0,81.0,11433.5436131983,40.69441599291528,-73.79237959348741,39971929.23249844,32122.551971798195,33319754.96406403,1041823.8265272786,192339.2355439399,4182139302.838831,3487
67,QN17,0.0,3220.0,0.0,2672.0,1120.0,6546.0,6138.0,1569.0,514.0,1869.0,1359.0,2162.0,2259.0,7009.0,1929.0,2708.0,2113.0,38.0,1222.0,1658.0,631.0,5152.0,4027267857.9078283,4.0,81.0,11374.796610169491,40.723688456699065,-73.84840807021385,57827751.79359436,36171.47774279672,32082646.858362895,1026268.6628563921,202972.17842596243,4118506983.550701,3423
68,QN19,44.0,1056.0,52.0,1201.0,1282.0,1338.0,2626.0,399.0,332.0,612.0,1628.0,909.0,1478.0,1380.0,831.0,701.0,1108.0,9.0,507.0,496.0,202.0,1632.0,4037019584.3601675,4.0,81.0,11384.824553950722,40.70208336120754,-73.8816077617865,30016735.5092007,41514.43809990104,32904460.766355142,1017076.7005097707,195086.78717077314,4101225718.206533,3140
69,QN20,37.0,2769.0,26.0,3519.0,4515.0,2372.0,3855.0,724.0,1356.0,2075.0,4964.0,2345.0,4397.0,3503.0,894.0,2044.0,1936.0,51.0,652.0,894.0,859.0,1808.0,4034616177.6055202,4.0,81.0,11383.518917679432,40.70436724487428,-73.90549010148584,50495176.26239394,40608.51351219549,34249761.04551708,1010454.0780784223,195910.63471680807,4120665118.4575334,3061
70,QN22,0.0,3364.0,63.0,5801.0,1865.0,2762.0,3198.0,509.0,1205.0,1635.0,2231.0,4168.0,4137.0,2968.0,953.0,2171.0,2406.0,0.0,1164.0,1980.0,720.0,2179.0,4049131703.4448786,4.0,81.0,11354.617553433378,40.75895740404564,-73.82704824699414,37864283.9270965,38362.56846060181,32070121.48840382,1032163.7853569804,215832.67166894043,4120409353.4353285,3001
71,QN28,45.0,5593.0,88.0,8346.0,4311.0,3885.0,5151.0,1176.0,983.0,2928.0,5701.0,4431.0,8135.0,5673.0,1422.0,4748.0,4468.0,7.0,1699.0,1240.0,1234.0,3748.0,4013455015.9189873,4.0,81.0,11371.459006928406,40.75412281829553,-73.88377474451829,47856882.63319508,29422.388598203168,32215528.341685914,1016450.8542725174,214045.38360277136,4094873780.8496966,2915
72,QN31,57.0,2606.0,62.0,4876.0,1893.0,3000.0,3259.0,1721.0,414.0,1819.0,2247.0,2253.0,4398.0,4715.0,1122.0,2639.0,2032.0,22.0,1031.0,1155.0,811.0,1760.0,4002853811.0562863,4.0,81.0,11154.837040527804,40.74404086444413,-73.9323297354625,102421814.79699719,74592.14307178078,33010226.315739866,1003001.3152686146,210358.39604147032,4139628902.672157,2843
73,QN33,33.0,703.0,5.0,390.0,442.0,711.0,2961.0,355.0,108.0,324.0,700.0,465.0,868.0,691.0,959.0,350.0,817.0,0.0,85.0,301.0,189.0,2008.0,4125130158.7689133,4.0,81.0,11411.357548240636,40.69535124308618,-73.74074592568549,33076798.061098438,26168.270087199613,34129707.69296254,1056141.1259931896,192718.06867196367,4193636620.2998805,2779
74,QN34,29.0,3746.0,6.0,1743.0,1412.0,2242.0,5478.0,617.0,299.0,1270.0,2391.0,1539.0,3528.0,2661.0,1596.0,1495.0,3060.0,44.0,638.0,651.0,568.0,2695.0,4108080233.930393,4.0,81.0,11427.629299363058,40.71713338756409,-73.74369645653107,69533432.54940075,41782.40169970314,33941514.5955414,1055299.7041401274,200651.54713375797,4212902102.3310456,2354
75,QN46,0.0,2021.0,31.0,2027.0,1463.0,2297.0,3485.0,800.0,239.0,1073.0,1609.0,1557.0,1635.0,2137.0,959.0,1292.0,1431.0,68.0,1094.0,392.0,304.0,2758.0,4065204370.6226726,4.0,81.0,11361.122440273037,40.76225849955301,-73.77463594203087,80798590.96350084,43020.789343599296,32772184.769624572,1046680.8144197952,217068.46160409556,4180122001.531228,2344
76,QN50,0.0,729.0,2.0,2382.0,981.0,839.0,1090.0,198.0,148.0,863.0,1070.0,884.0,1842.0,1148.0,282.0,881.0,1068.0,48.0,531.0,144.0,272.0,896.0,4019456115.8895497,4.0,81.0,11375.034782608696,40.739412325204945,-73.89073028241997,21927665.863899466,32362.825425498835,32724741.516387958,1014530.4989966556,208683.40401337793,4075391824.881737,2256
77,QN51,5.0,2261.0,93.0,2794.0,1657.0,2489.0,2921.0,661.0,720.0,1282.0,1778.0,2828.0,2182.0,1883.0,796.0,1457.0,1500.0,0.0,953.0,739.0,521.0,2191.0,4050656530.4452085,4.0,81.0,11355.487478559176,40.76577878687437,-73.81337799329629,52488276.47700072,33266.90481099903,32221704.498799313,1035945.6586620926,218325.81234991422,4136697168.236711,2222
78,QN54,34.0,3227.0,24.0,2810.0,2601.0,2391.0,3861.0,426.0,763.0,1517.0,3286.0,2004.0,4216.0,2798.0,1119.0,2588.0,3436.0,42.0,808.0,1031.0,668.0,1344.0,4093653250.8811474,4.0,81.0,11418.080297879229,40.6936385646877,-73.83214197660563,50978395.75980127,33792.466024697394,33503713.228913713,1030798.1918406994,192032.39728023313,4179444446.866802,2015
79,QN55,11.0,4289.0,21.0,2662.0,2465.0,2911.0,4812.0,613.0,765.0,2152.0,4105.0,2490.0,5022.0,3529.0,1324.0,2333.0,4657.0,60.0,1124.0,1552.0,728.0,2364.0,4107370634.458996,4.0,81.0,11419.40555488758,40.68038439731825,-73.82011455461421,82461393.40900889,36708.16974320123,34186576.20764699,1034143.4820247686,187210.13322111338,4225338126.1264653,1913
80,QN60,0.0,1122.0,13.0,665.0,649.0,1256.0,2308.0,304.0,115.0,449.0,691.0,684.0,1059.0,1857.0,675.0,835.0,1045.0,14.0,105.0,378.0,338.0,1260.0,4051282807.88135,4.0,81.0,11415.037934968625,40.70780075372492,-73.83075645055364,20568333.553498786,21449.75188100174,31633672.193097547,1031172.466058186,197192.7310325157,4104761917.4918976,1824
81,QN68,16.0,1312.0,25.0,998.0,391.0,526.0,1344.0,201.0,593.0,357.0,438.0,647.0,992.0,851.0,308.0,475.0,508.0,0.0,211.0,560.0,654.0,668.0,4004469685.6527696,4.0,81.0,11102.640690505548,40.756598428480714,-73.93843899508313,23317033.186798442,27067.652469997192,33203705.5080148,1001305.2034525278,214931.93538840936,4062256958.5977435,1769
82,QN70,11.0,4289.0,137.0,6794.0,2492.0,3760.0,4088.0,2411.0,787.0,1519.0,2998.0,2779.0,3136.0,6317.0,1146.0,3480.0,2223.0,81.0,967.0,1207.0,807.0,3760.0,4004258674.1057925,4.0,81.0,11117.049454480415,40.761709310881336,-73.92022437421922,39335513.565494366,32534.73804860766,32607946.083437666,1006349.7629225542,216798.10248613844,4077524174.249121,1762
83,QN76,15.0,2286.0,15.0,1225.0,731.0,1078.0,3152.0,326.0,346.0,466.0,1277.0,798.0,1893.0,1205.0,979.0,753.0,1882.0,12.0,248.0,850.0,479.0,1633.0,4121238647.6462717,4.0,81.0,11435.115869017633,40.67979687536766,-73.79166809471067,44042791.30400079,31474.958588700098,34863773.80856423,1042033.8427491904,187013.5253688377,4201438871.089541,1710
84,SI05,0.0,1130.0,0.0,849.0,1256.0,2000.0,4105.0,314.0,247.0,551.0,1258.0,920.0,1291.0,1879.0,1144.0,747.0,1413.0,77.0,251.0,617.0,318.0,3036.0,5015500356.626824,5.0,85.0,10313.96052631579,40.60327991123757,-74.14904242878468,327768573.7329901,109207.91761499707,32660828.41392544,942863.2165570175,159103.55921052632,5377174706.881886,1625
85,SI07,0.0,771.0,0.0,503.0,771.0,1326.0,3143.0,358.0,84.0,217.0,939.0,550.0,968.0,1080.0,1184.0,422.0,933.0,0.0,158.0,271.0,127.0,2486.0,5005017192.668167,5.0,85.0,10311.558285415578,40.61696262582656,-74.12881478700065,63253932.3370021,41658.0962803004,33690164.90433873,948487.6628332462,164078.92577104026,5103142173.640826,1495
86,SI22,37.0,1348.0,0.0,1027.0,739.0,933.0,2770.0,325.0,1119.0,350.0,840.0,530.0,1095.0,1501.0,787.0,636.0,654.0,18.0,213.0,758.0,975.0,1785.0,5000935988.93149,5.0,85.0,10303.942689850957,40.640285436295194,-74.09668522518888,56030444.59509443,66054.2541823984,34763525.90081618,957416.735628105,172564.86160397445,5092954795.765104,1491
87,SI25,0.0,749.0,6.0,600.0,692.0,1268.0,2270.0,252.0,15.0,347.0,918.0,356.0,798.0,1151.0,839.0,253.0,701.0,0.0,154.0,420.0,145.0,2363.0,5043624716.074841,5.0,85.0,10306.0,40.56324514988589,-74.12234338967666,55961883.86539998,44299.03193889967,32357029.012578618,950256.9974842768,144505.7358490566,5133107350.158994,847
88,SI36,106.0,863.0,10.0,670.0,1168.0,1307.0,1807.0,173.0,96.0,360.0,1298.0,499.0,792.0,1293.0,618.0,492.0,760.0,0.0,234.0,675.0,277.0,2030.0,5034621312.78455,5.0,85.0,10305.23918128655,40.588196201620384,-74.09089972050141,67009381.55679772,41971.582308599674,32272401.3251462,959002.898245614,153585.4187134503,5135083545.302239,807
89,SI48,13.0,994.0,24.0,593.0,720.0,1441.0,2690.0,359.0,175.0,353.0,1263.0,441.0,990.0,1323.0,858.0,248.0,1157.0,18.0,206.0,184.0,63.0,1861.0,5059337094.329803,5.0,85.0,10312.0,40.552899696682566,-74.18878767675709,50410816.24819961,29689.395407099582,31666828.34448575,931787.2205700123,140769.3903345725,5142543327.292912,795
90,SI54,28.0,1378.0,0.0,1011.0,1225.0,2642.0,5138.0,545.0,129.0,682.0,1654.0,829.0,1674.0,2363.0,1636.0,680.0,1431.0,9.0,484.0,576.0,172.0,3945.0,5051096891.858824,5.0,85.0,10308.56560283688,40.551465685682665,-74.15096389241604,89615893.66619886,66104.13555899599,32292558.940602835,942297.3648049645,140226.57225177306,5174192568.504346,399
