Parameters,BK72_Williamsburg,BK73_North_Side-South_Side,BK76_Greenpoint,BK90_East_Williamsburg,BK09_Brooklyn_Heights-Cobble_Hill,BK38_DUMBO-Vinegar_Hill-Downtown_Brooklyn-Boerum_Hill,BK68_Fort_Greene,BK69_Clinton_Hill,BK35_Stuyvesant_Heights,BK75_Bedford,BK77_Bushwick_North,BK78_Bushwick_South,BK99_park-cemetery-etc-Brooklyn,BK82_East_New_York,BK83_Cypress_Hills-City_Line,BK93_Starrett_City,BK33_Carroll_Gardens-Columbia_Street-Red_Hook,BK37_Park_Slope-Gowanus,BK32_Sunset_Park_West,BK34_Sunset_Park_East,BK40_Windsor_Terrace,BK61_Crown_Heights_North,BK64_Prospect_Heights,BK60_Prospect_Lefferts_Gardens-Wingate,BK63_Crown_Heights_South,BK30_Dyker_Heights,BK31_Bay_Ridge,BK27_Bath_Beach,BK28_Bensonhurst_West,BK29_Bensonhurst_East,BK41_Kensington-Ocean_Parkway,BK46_Ocean_Parkway_South,BK88_Borough_Park,BK19_Brighton_Beach,BK21_Seagate-Coney_Island,BK23_West_Brighton,BK26_Gravesend,BK42_Flatbush,BK43_Midwood,BK17_Sheepshead_Bay-Gerritsen_Bch-Manhattan_Bch,BK25_Homecrest,BK44_Madison,BK79_Ocean_Hill,BK81_Brownsville,BK85_East_New_York_(Pennsylvania_Ave),BK91_East_Flatbush-Farragut,BK95_Erasmus,BK96_Rugby-Remsen_Village,BK45_Georgetown-Marine_Park-Bergen_Beach-Mill_Basin,BK50_Canarsie,BK58_Flatlands,BX27_Hunts_Point,BX33_Longwood,BX34_Melrose_South-Mott_Haven_North,BX39_Mott_Haven-Port_Morris,BX98_Rikers_Island1,BX01_Claremont-Bathgate,BX06_Belmont,BX17_East_Tremont,BX35_Morrisania-Melrose,BX75_Crotona_Park_East,BX14_East_Concourse-Concourse_Village,BX26_Highbridge,BX63_West_Concourse,BX36_University_Heights-Morris_Heights,BX40_Fordham_South,BX41_Mount_Hope,BX05_Bedford_Park-Fordham_North,BX30_Kingsbridge_Heights,BX43_Norwood,BX22_North_Riverdale-Fieldston-Riverdale,BX28_Van_Cortlandt_Village,BX29_Spuyten_Duyvil-Kingsbridge,BX08_West_Farms-Bronx_River,BX09_Soundview-Castle_Hill-Clason_Point-Harding_Park,BX46_Parkchester,BX55_Soundview-Bruckner,BX59_Westchester-Unionport,BX10_Pelham_Bay-Country_Club-City_Island,BX13_Co-op_City,BX52_Schuylerville-Throgs_Neck-Edgewater_Park,BX07_Bronxdale,BX31_Allerton-Pelham_Gardens,BX37_Van_Nest-Morris_Park-Westchester_Square,BX49_Pelham_Parkway,BX03_Eastchester-Edenwald-Baychester,BX44_Williamsbridge-Olinville,BX62_Woodlawn-Wakefield,BX99_park-cemetery-etc-Bronx,MN23_West_Village,MN24_SoHo-TriBeCa-Civic_Center-Little_Italy,MN25_Battery_Park_City-Lower_Manhattan,MN22_East_Village,MN27_Chinatown,MN28_Lower_East_Side,MN13_Hudson_Yards-Chelsea-Flat_Iron-Union_Square,MN15_Clinton,MN17_Midtown-Midtown_South,MN19_Turtle_Bay-East_Midtown,MN20_Murray_Hill-Kips_Bay,MN21_Gramercy,MN50_Stuyvesant_Town-Cooper_Village,MN12_Upper_West_Side,MN14_Lincoln_Square,MN31_Lenox_Hill-Roosevelt_Island,MN32_Yorkville,MN40_Upper_East_Side-Carnegie_Hill,MN04_Hamilton_Heights,MN06_Manhattanville,MN09_Morningside_Heights,MN03_Central_Harlem_North-Polo_Grounds,MN11_Central_Harlem_South,MN33_East_Harlem_South,MN34_East_Harlem_North,MN01_Marble_Hill2-Inwood,MN35_Washington_Heights_North,MN36_Washington_Heights_South,MN99_park-cemetery-etc-Manhattan,QN68_Queensbridge-Ravenswood-Long_Island_City,QN70_Astoria,QN71_Old_Astoria,QN72_Steinway,QN99_park-cemetery-etc-Queens,QN31_Hunters_Point-Sunnyside-West_Maspeth,QN50_Elmhurst-Maspeth,QN63_Woodside,QN26_North_Corona,QN27_East_Elmhurst,QN28_Jackson_Heights,QN98_Airport,QN25_Corona,QN29_Elmhurst,QN19_Glendale,QN20_Ridgewood,QN21_Middle_Village,QN30_Maspeth,QN17_Forest_Hills,QN18_Rego_Park,QN22_Flushing,QN23_College_Point,QN47_Ft._Totten-Bay_Terrace-Clearview,QN49_Whitestone,QN51_Murray_Hill,QN52_East_Flushing,QN62_Queensboro_Hill,QN06_Jamaica_Estates-Holliswood,QN35_Briarwood-Jamaica_Hills,QN37_Kew_Gardens_Hills,QN38_Pomonok-Flushing_Heights-Hillcrest,QN41_Fresh_Meadows-Utopia,QN53_Woodhaven,QN54_Richmond_Hill,QN60_Kew_Gardens,QN55_South_Ozone_Park,QN56_Ozone_Park,QN57_Lindenwood-Howard_Beach,QN42_Oakland_Gardens,QN45_Douglas_Manor-Douglaston-Little_Neck,QN46_Bayside-Bayside_Hills,QN48_Auburndale,QN01_South_Jamaica,QN02_Springfield_Gardens_North,QN07_Hollis,QN08_St._Albans,QN61_Jamaica,QN76_Baisley_Park,QN03_Springfield_Gardens_South-Brookville,QN05_Rosedale,QN33_Cambria_Heights,QN34_Queens_Village,QN43_Bellerose,QN44_Glen_Oaks-Floral_Park-New_Hyde_Park,QN66_Laurelton,QN10_Breezy_Pnt-Belle_Harbor-Rockaway_Pk-Broad_Channel,QN12_Hammels-Arverne-Edgemere,QN15_Far_Rockaway-Bayswater,SI07_Westerleigh,SI08_Grymes_Hill-Clifton-Fox_Hills,SI12_Mariner's_Harbor-Arlington-Port_Ivory-Graniteville,SI22_West_New_Brighton-New_Brighton-St._George,SI28_Port_Richmond,SI35_New_Brighton-Silver_Lake,SI37_Stapleton-Rosebank,SI05_New_Springville-Bloomfield-Travis,SI14_Grasmere-Arrochar-Ft._Wadsworth,SI24_Todt_Hill-Emerson_Hill-Heartland_Village-Lighthouse_Hill,SI36_Old_Town-Dongan_Hills-South_Beach,SI45_New_Dorp-Midland_Beach,SI01_Annadale-Huguenot-Prince's_Bay-Eltingville,SI11_Charleston-Richmond_Valley-Tottenville,SI25_Oakwood-Oakwood_Beach,SI32_Rossville-Woodrow,SI48_Arden_Heights,SI54_Great_Kills,SI99_park-cemetery-etc-Staten_Island
Population 16 years and over,"18,567",37813,28667,29431,20750,29444,22693,30904,49828,50861,48385,55499,300.0,67948,36056,10589,32333,61068,43331,55815,18753,80344,17669,55841,31226,37024,68656,24097,70769,50708,27534,14629,69634,26886,24744,14340,23169,82598,39662,51610,32922,32672,23392,40744,21316,42732,23482,45096,37426,68188,56335,19762,18162,27194,38712,9706,22392,19457,30674,27822,14221,48434,27074,28760,40635,18324,39231,39244,24253,30651,22561,39114,24725,26578,42251,24001,26866,20914,22360,37441,37385,27102,26669,23128,24597,28149,46516,36474,1007,61813,35191,32749,41396,40889,63863,63267,40222,26630,44787,45613,24642,20028,116232,51920,71811,69084,49042,42024,19327,49368,63377,37473,49391,46866,40593,59616,75530,1472,14480,66136,22605,42551,377.0,52233,21246,37828,39172,18246,87227,0.0,42376,70181,25716,55357,32837,22659,71738,23498,59962,19628,19826,26241,44018,23649,17044,21205,32437,28595,27387,14508,46216,51290,19531,64579,17323,23994,22895,21399,37958,17169,28152,21458,17915,41035,39951,26934,15395,21376,17383,47254,20656,19257,20259,23870,26375,37125,19647,18346,23280,23858,14659,14323,20786,31952,11835,26431,20689,16946,23383,18624,18089,15642,19960,35017,0.0
   In labor force,"8,407",27062,21148,19727,14848,20244,15111,21020,30116,31029,30488,34416,237.0,37245,20624,4836,23403,48491,28090,35980,13787,49719,14043,36910,19873,21774,42512,13403,40401,29723,16958,8293,38529,14225,12332,6833,12094,53478,22255,29463,18402,19007,14045,21257,13023,28170,15438,28655,23229,44697,37084,10637,9468,15510,20647,0,11100,9866,16779,16073,7998,28201,16026,18561,26366,11714,24563,23831,15436,19691,13273,25616,15238,16390,22946,15901,15716,12837,14105,21277,22952,16507,15816,14458,14612,18067,29756,24077,694,45451,25716,26136,29267,23529,34359,47850,30988,19233,34121,33784,18684,13467,81327,36465,51136,51946,31533,27651,10953,25708,38391,23364,29164,25075,28578,39663,48204,265,9211,47095,15819,29287,198.0,37025,13509,25242,28213,12520,58651,0.0,28068,44224,15483,35354,19801,14696,46207,15401,37245,12865,11840,16413,27357,14326,10544,13435,21240,17735,16177,9101,31137,34125,13253,42195,11265,14133,14311,13702,24197,10228,18164,14143,12313,28402,26429,17920,10255,15381,10668,32913,13260,11266,13131,13766,15083,21567,12003,11554,13701,13984,8660,8677,11880,18617,7188,15587,11702,10420,14299,11029,10762,9706,12989,21285,0.0
       Civilian labor force,"8,407",27035,21138,19711,14848,20244,15111,21020,30085,31029,30446,34416,237.0,37219,20586,4836,23395,48461,28089,35965,13787,49622,14043,36910,19859,21774,42180,13403,40380,29723,16891,8260,38510,14181,12322,6771,12094,53410,22255,29463,18402,18995,14045,21221,12980,28170,15409,28607,23187,44584,37070,10616,9468,15454,20630,0,11100,9866,16734,16056,7998,28136,16026,18500,26336,11714,24563,23789,15436,19678,13264,25608,15238,16390,22946,15901,15706,12837,14105,21239,22900,16507,15798,14449,14612,18024,29725,24077,694,45413,25716,26136,29267,23529,34270,47850,30988,19233,34100,33784,18674,13467,81289,36465,51108,51946,31521,27605,10953,25708,38361,23331,29164,25075,28572,39528,48192,265,9195,47084,15809,29287,198.0,36968,13509,25242,28213,12520,58606,0.0,28068,44201,15439,35317,19789,14696,46207,15401,37245,12822,11800,16413,27352,14326,10513,13435,21240,17735,16177,9101,31079,34091,13253,42184,11265,14133,14311,13695,24197,10228,18164,14059,12288,28335,26429,17905,10255,15381,10635,32884,13234,11266,13131,13766,15038,21533,12003,11554,13701,13947,8660,8677,11848,18617,6890,15572,11596,10399,14299,11029,10762,9650,12976,21257,0.0
          Employed,"7,970",25281,19849,18002,14060,18202,13331,19069,25298,27423,27351,29645,218.0,32223,18977,4168,21216,45322,25187,31978,12979,43139,12988,31399,16742,19964,38593,12340,36452,26753,15434,7409,35800,13095,9752,6332,10646,47909,20414,26811,16644,17747,12339,17833,10804,25115,13293,25406,20962,40464,33584,8506,8293,12696,17350,0,8611,8709,13587,13117,6702,23795,13230,15934,20898,9338,20255,20631,12653,17189,12494,22016,13995,14371,21052,14398,13502,11036,12935,18752,20449,14169,13524,12691,13571,15049,25127,21161,600,42799,24173,24811,27585,21458,30433,44286,28076,17906,32369,31959,16922,12334,76267,34085,48563,48534,29998,24380,9920,23969,32246,21360,25853,21651,24433,33794,40806,114,7807,42724,14231,26706,174.0,34252,12771,23212,26575,11335,52798,0.0,25801,41228,14360,32467,18551,13386,42823,14002,33693,11546,10568,14724,24981,12811,9517,12488,18799,15949,14046,8232,26991,30611,12097,37784,10074,12954,13438,12762,21972,9364,15304,12162,10606,24876,22677,15435,9182,14192,9913,28915,12155,10472,11939,12732,12620,19281,11211,10496,12489,12509,8057,7883,10978,17409,6344,14802,10656,9551,13358,10411,9956,9180,11901,19796,0.0
          Unemployed,437,1754,1289,1709,788,2042,1780,1951,4787,3606,3095,4771,19.0,4996,1609,668,2179,3139,2902,3987,808,6483,1055,5511,3117,1810,3587,1063,3928,2970,1457,851,2710,1086,2570,439,1448,5501,1841,2652,1758,1248,1706,3388,2176,3055,2116,3201,2225,4120,3486,2110,1175,2758,3280,0,2489,1157,3147,2939,1296,4341,2796,2566,5438,2376,4308,3158,2783,2489,770,3592,1243,2019,1894,1503,2204,1801,1170,2487,2451,2338,2274,1758,1041,2975,4598,2916,94,2614,1543,1325,1682,2071,3837,3564,2912,1327,1731,1825,1752,1133,5022,2380,2545,3412,1523,3225,1033,1739,6115,1971,3311,3424,4139,5734,7386,151,1388,4360,1578,2581,24.0,2716,738,2030,1638,1185,5808,0.0,2267,2973,1079,2850,1238,1310,3384,1399,3552,1276,1232,1689,2371,1515,996,947,2441,1786,2131,869,4088,3480,1156,4400,1191,1179,873,933,2225,864,2860,1897,1682,3459,3752,2470,1073,1189,722,3969,1079,794,1192,1034,2418,2252,792,1058,1212,1438,603,794,870,1208,546,770,940,848,941,618,806,470,1075,1461,0.0
       Armed Forces,0,27,10,16,0,0,0,0,31,0,42,0,0.0,26,38,0,8,30,1,15,0,97,0,0,14,0,332,0,21,0,67,33,19,44,10,62,0,68,0,0,0,12,0,36,43,0,29,48,42,113,14,21,0,56,17,0,0,0,45,17,0,65,0,61,30,0,0,42,0,13,9,8,0,0,0,0,10,0,0,38,52,0,18,9,0,43,31,0,0,38,0,0,0,0,89,0,0,0,21,0,10,0,38,0,28,0,12,46,0,0,30,33,0,0,6,135,12,0,16,11,10,0,0.0,57,0,0,0,0,45,0.0,0,23,44,37,12,0,0,0,0,43,40,0,5,0,31,0,0,0,0,0,58,34,0,11,0,0,0,7,0,0,0,84,25,67,0,15,0,0,33,29,26,0,0,0,45,34,0,0,0,37,0,0,32,0,298,15,106,21,0,0,0,56,13,28,0.0
   Not in labor force,"10,160",10751,7519,9704,5902,9200,7582,9884,19712,19832,17897,21083,63.0,30703,15432,5753,8930,12577,15241,19835,4966,30625,3626,18931,11353,15250,26144,10694,30368,20985,10576,6336,31105,12661,12412,7507,11075,29120,17407,22147,14520,13665,9347,19487,8293,14562,8044,16441,14197,23491,19251,9125,8694,11684,18065,9706,11292,9591,13895,11749,6223,20233,11048,10199,14269,6610,14668,15413,8817,10960,9288,13498,9487,10188,19305,8100,11150,8077,8255,16164,14433,10595,10853,8670,9985,10082,16760,12397,313,16362,9475,6613,12129,17360,29504,15417,9234,7397,10666,11829,5958,6561,34905,15455,20675,17138,17509,14373,8374,23660,24986,14109,20227,21791,12015,19953,27326,1207,5269,19041,6786,13264,179.0,15208,7737,12586,10959,5726,28576,0.0,14308,25957,10233,20003,13036,7963,25531,8097,22717,6763,7986,9828,16661,9323,6500,7770,11197,10860,11210,5407,15079,17165,6278,22384,6058,9861,8584,7697,13761,6941,9988,7315,5602,12633,13522,9014,5140,5995,6715,14341,7396,7991,7128,10104,11292,15558,7644,6792,9579,9874,5999,5646,8906,13335,4647,10844,8987,6526,9084,7595,7327,5936,6971,13732,0.0
Civilian labor force,"8,407",27035,21138,19711,14848,20244,15111,21020,30085,31029,30446,34416,237.0,37219,20586,4836,23395,48461,28089,35965,13787,49622,14043,36910,19859,21774,42180,13403,40380,29723,16891,8260,38510,14181,12322,6771,12094,53410,22255,29463,18402,18995,14045,21221,12980,28170,15409,28607,23187,44584,37070,10616,9468,15454,20630,0,11100,9866,16734,16056,7998,28136,16026,18500,26336,11714,24563,23789,15436,19678,13264,25608,15238,16390,22946,15901,15706,12837,14105,21239,22900,16507,15798,14449,14612,18024,29725,24077,694,45413,25716,26136,29267,23529,34270,47850,30988,19233,34100,33784,18674,13467,81289,36465,51108,51946,31521,27605,10953,25708,38361,23331,29164,25075,28572,39528,48192,265,9195,47084,15809,29287,198.0,36968,13509,25242,28213,12520,58606,0.0,28068,44201,15439,35317,19789,14696,46207,15401,37245,12822,11800,16413,27352,14326,10513,13435,21240,17735,16177,9101,31079,34091,13253,42184,11265,14133,14311,13695,24197,10228,18164,14059,12288,28335,26429,17905,10255,15381,10635,32884,13234,11266,13131,13766,15038,21533,12003,11554,13701,13947,8660,8677,11848,18617,6890,15572,11596,10399,14299,11029,10762,9650,12976,21257,0.0
Females 16 years and over,"9,338",19505,14572,15972,10401,15592,13135,16286,28008,27652,23405,29550,166.0,39290,19309,7217,17641,32162,19986,27705,9898,45591,9448,31582,16926,18925,36375,12435,36655,26024,14094,7394,34384,14724,13507,8330,12597,45480,20453,28041,16714,16958,13275,25740,12444,24176,13231,25708,19955,38200,31052,10427,10227,16337,20446,920,12813,10605,17612,15675,7870,25629,14742,15594,22056,10433,20639,20797,13486,16891,12070,21858,13310,13992,24328,12830,14085,11240,11914,21338,19424,14407,14404,11952,13371,16193,26511,20417,576,32831,17809,16797,21144,20696,34095,31156,19413,13228,24555,24860,13928,11269,63256,27518,40289,39800,27420,22400,10217,28331,34696,20849,26635,26789,21025,32422,37671,264,7909,33755,11001,22008,223.0,26215,10669,19095,16448,8704,42801,0.0,20976,34014,13971,28196,17640,11527,39161,12760,31807,10043,10693,13808,23100,12390,8582,12136,16343,15162,14428,7763,24067,25684,10095,33492,8795,13288,12145,11207,20114,9007,15725,12673,9836,23040,20827,14795,8606,12373,9476,24723,10401,10665,11783,12478,14845,20452,10217,10531,12610,12717,7539,7232,10440,16932,6380,14151,10681,9010,11643,8909,9628,8149,10098,18466,0.0
   In labor force,"3,256",13178,10055,9991,7261,10339,8401,10769,16052,15369,12633,16894,130.0,20690,9679,3296,12113,24210,11776,14953,6834,27116,7362,20358,10445,9839,19495,5854,17230,12622,7575,3432,16176,6814,6313,3899,5976,27066,10260,14404,7793,8466,7860,13479,7331,15559,8577,16347,11098,24960,19679,5754,4630,8680,9550,0,6123,4675,8841,8707,4237,13718,8293,9084,13430,6390,11845,11390,8083,9732,6685,13194,7626,7686,12535,8044,7233,5935,6873,11625,11076,8210,8215,6984,7118,10145,16620,13054,401,23122,11898,12350,13955,11480,17038,21632,14119,8441,17058,17638,10295,6818,41341,17469,27457,28496,14818,13605,5634,13675,20430,12483,14781,13374,13546,20216,21569,54,4795,21835,6703,13488,105.0,16731,5643,10980,8923,5255,23264,0.0,11832,17449,7394,15434,9225,6551,23122,7499,17866,5660,5737,7671,12548,6724,4568,6790,9650,8676,7548,4325,14643,14669,6229,19865,5192,7109,6573,6738,11382,4803,9626,8205,6459,15475,11589,9222,5622,9031,5521,16302,6014,5659,7489,6755,8014,11270,5455,6109,6979,6883,3819,3981,5194,8517,3481,7410,4909,4953,6570,4710,4905,4219,6019,10045,0.0
      Civilian labor force,"3,256",13178,10055,9991,7261,10339,8401,10769,16052,15369,12633,16894,130.0,20669,9679,3296,12113,24210,11776,14953,6834,27095,7362,20358,10445,9839,19451,5854,17230,12622,7575,3432,16176,6814,6303,3899,5976,27056,10260,14404,7793,8466,7860,13479,7316,15559,8548,16347,11098,24945,19679,5733,4630,8668,9550,0,6123,4675,8841,8707,4237,13718,8293,9023,13430,6390,11845,11363,8083,9732,6685,13194,7626,7686,12535,8044,7233,5935,6873,11610,11076,8210,8206,6984,7118,10145,16589,13054,401,23103,11898,12350,13955,11480,16992,21632,14119,8441,17058,17638,10295,6818,41341,17469,27457,28496,14818,13605,5634,13675,20430,12483,14781,13374,13546,20216,21569,54,4779,21835,6703,13488,105.0,16731,5643,10980,8923,5255,23236,0.0,11832,17449,7394,15425,9225,6551,23122,7499,17866,5649,5737,7671,12548,6724,4568,6790,9650,8676,7548,4325,14643,14669,6229,19854,5192,7109,6573,6738,11382,4803,9626,8205,6459,15463,11589,9222,5622,9031,5521,16302,6001,5659,7489,6755,7997,11236,5455,6109,6979,6870,3819,3981,5185,8517,3461,7408,4909,4940,6570,4710,4905,4219,6019,10045,0.0
        Employed,"3,076",12140,9607,9198,6857,9293,7535,9694,13885,13767,11227,14361,111.0,18349,8880,3021,11105,22857,10159,13347,6432,24075,6847,17604,8938,9170,17709,5418,15776,11301,6983,3105,15078,6416,5022,3674,5244,24347,9615,13180,6893,7954,7042,11674,6169,14185,7570,14685,9978,22887,18096,4415,3970,7336,7894,0,4689,3992,7028,7341,3630,11692,6698,7789,10578,5019,9854,9913,6678,8397,6286,11239,7031,6647,11734,7365,5914,5123,6446,10347,9877,7284,6991,6112,6555,8816,14136,11734,360,21734,11189,11622,13135,10546,15300,19941,12763,7714,15982,16713,9317,6313,38825,16277,26038,26469,14056,12316,5241,12781,17379,11508,13091,11633,11425,17312,18494,40,4063,19973,5891,12378,105.0,15477,5263,9987,8017,4605,20685,0.0,10737,16122,6951,14122,8643,5889,21514,6810,16106,5053,5251,6929,11517,5933,4114,6336,8699,7836,6394,3783,12549,13158,5687,18002,4669,6525,6132,6183,10460,4343,8327,7196,5554,13761,9797,7992,5199,8463,5239,14454,5530,5202,6925,6219,6853,10176,5198,5650,6414,6266,3592,3715,4829,8077,3137,7078,4482,4549,6162,4430,4504,4037,5490,9379,0.0
Own children under 6 years,"7,116",3389,1174,1548,1613,2411,1726,2616,5299,8015,5661,5365,28.0,8554,4636,773,2909,5548,5172,6121,1929,6982,1360,5410,3402,3023,6193,2094,6202,4064,3420,1944,15769,1788,1783,441,1687,8585,4373,3838,3135,2939,2936,5276,2949,3558,2324,4335,4459,6030,4823,2473,2502,4130,5028,0,3051,2437,4026,3452,2281,5215,3513,4035,4543,2929,4647,4935,2276,4296,1869,3716,2369,3474,3833,2746,3394,2456,1414,2251,2789,2477,2100,2734,2513,2517,5759,3395,116,2471,2254,3069,1057,1889,3515,3110,1190,952,2167,2019,741,769,8601,4937,5513,4214,3578,3282,1464,2011,5248,3920,3957,4562,3623,4285,5031,0,1288,3407,1697,2535,9.0,3794,1471,2826,4773,1771,6910,0.0,4770,5521,2218,6094,2012,1882,5814,1981,3785,1735,1288,2379,3411,1529,1490,1346,2687,3521,2186,1462,5338,4529,1496,5197,1829,1797,2105,1429,2527,1520,2860,1625,1299,3319,4124,2248,1304,2517,930,3328,1862,1263,1377,1827,3127,5487,1695,2089,2580,3131,2009,1417,1781,2585,1035,1630,1621,1661,1446,2046,1356,1383,1472,2780,0.0
      All parents in family in labor force,"2,139",1849,745,961,1068,1661,1067,1642,3632,3589,3007,3298,0.0,4827,2553,486,2130,4182,2960,3156,1307,4277,1101,3952,1895,1851,2867,663,2418,1713,1382,574,5908,939,1046,278,851,4677,2138,2693,1128,1362,1743,3060,1683,2663,1696,3219,2715,4457,3321,1526,1561,2381,2964,0,2200,1052,2417,2347,1535,3342,2202,2370,2698,1708,3295,3042,1761,2512,1200,2336,1490,2350,2588,1590,1789,1718,968,1801,1953,1560,1536,1841,1665,1727,4311,2492,99,1310,1064,1883,733,1122,2584,2211,845,464,1341,1223,460,474,5360,2763,2849,2360,1900,1917,901,1243,4016,2065,2747,2938,2681,3143,3316,0,727,2051,893,1273,9.0,2186,788,1480,2832,1050,3663,0.0,2738,2722,1360,3543,1118,919,3457,1077,2378,985,790,1497,1996,986,704,871,1485,2068,1198,694,3394,2556,1006,2915,1154,1152,1116,1173,1841,812,1887,1307,1098,2502,2209,1565,991,1942,650,2221,1093,1014,1128,1044,1919,3294,1051,1233,1446,1828,986,773,1017,1245,549,851,843,987,952,1055,781,394,1077,1396,0.0
Own children 6 to 17 years,"8,335",5420,2066,2548,1358,3689,2421,3037,9317,12433,8897,11337,88.0,16637,8390,1787,4602,7125,7292,10153,2216,14090,1507,8668,7217,5843,10568,3506,11655,7319,6045,3429,23995,3175,4403,825,3333,15921,8723,7233,6673,5262,5840,10003,6000,6933,4448,7551,7579,14089,11172,5550,5365,7412,9576,0,6045,4486,8334,7124,4200,10969,7275,7294,9366,5343,9189,9368,4553,6601,2844,7870,3104,6024,9095,4295,6295,5192,2825,5257,6839,4963,5392,4725,3575,6952,10441,6789,169,3230,2797,1897,1499,4215,7874,3094,1621,618,1482,1987,705,1105,12075,3698,4826,4885,7290,6733,3199,3474,10972,5452,6918,10048,6791,8281,10117,0,3086,6319,2586,4702,46.0,5005,2642,4992,6356,3014,12254,0.0,7671,10453,4513,9976,5187,3444,8231,2442,6815,3111,2221,4446,5018,3008,2974,2970,3800,5128,4765,2621,9693,10795,2115,11922,3402,3412,3662,3540,6066,2334,6512,4095,2700,7111,7296,5743,3146,4710,2326,7921,3973,2322,3747,4428,6782,8152,3444,3692,5753,5012,3026,3023,3759,5838,2086,4612,3136,3036,4709,4118,3138,3261,3890,6842,0.0
      All parents in family in labor force,"2,286",3236,1396,1687,1000,2536,1567,2188,6554,7027,5163,8073,37.0,10261,4816,1419,3418,5201,4747,6284,1492,10321,1108,6756,4739,3491,5468,1770,6413,4209,2828,1158,10917,1978,3181,614,1935,10598,4347,4718,3212,2885,4002,6829,3772,5726,3554,6151,5015,11290,8991,3930,3628,4964,6270,0,3809,2860,5546,5372,2989,7028,4881,5010,6792,3698,6636,6760,3250,4387,2078,5610,2031,4143,6509,3084,3847,3758,2006,4133,4723,3531,3844,3642,2362,5392,8176,5363,127,2285,1678,1421,1069,2536,5389,1979,1256,431,895,1167,426,988,8097,2239,3376,3043,3588,4699,2097,2424,8313,3574,4731,5883,5697,6588,7502,0,2133,3948,1570,3113,46.0,3741,1718,2622,4080,2274,7416,0.0,4993,6168,3112,6064,3302,2174,5674,1730,4331,2083,1473,3205,3245,1970,1820,1994,2214,3113,2780,1758,6797,6867,1328,8090,2134,2048,2393,2547,3796,1367,4836,3511,2306,5934,4536,4563,2560,3979,1917,6240,2593,1820,3053,2573,4258,5312,2028,2542,3775,2645,1619,1660,2581,3824,1292,2931,1771,2153,2779,2438,1879,1533,2215,3808,0.0
Civilian employed population 16 years and over,"7,970",25281,19849,18002,14060,18202,13331,19069,25298,27423,27351,29645,218.0,32223,18977,4168,21216,45322,25187,31978,12979,43139,12988,31399,16742,19964,38593,12340,36452,26753,15434,7409,35800,13095,9752,6332,10646,47909,20414,26811,16644,17747,12339,17833,10804,25115,13293,25406,20962,40464,33584,8506,8293,12696,17350,0,8611,8709,13587,13117,6702,23795,13230,15934,20898,9338,20255,20631,12653,17189,12494,22016,13995,14371,21052,14398,13502,11036,12935,18752,20449,14169,13524,12691,13571,15049,25127,21161,600,42799,24173,24811,27585,21458,30433,44286,28076,17906,32369,31959,16922,12334,76267,34085,48563,48534,29998,24380,9920,23969,32246,21360,25853,21651,24433,33794,40806,114,7807,42724,14231,26706,174.0,34252,12771,23212,26575,11335,52798,0.0,25801,41228,14360,32467,18551,13386,42823,14002,33693,11546,10568,14724,24981,12811,9517,12488,18799,15949,14046,8232,26991,30611,12097,37784,10074,12954,13438,12762,21972,9364,15304,12162,10606,24876,22677,15435,9182,14192,9913,28915,12155,10472,11939,12732,12620,19281,11211,10496,12489,12509,8057,7883,10978,17409,6344,14802,10656,9551,13358,10411,9956,9180,11901,19796,0.0
"   Management, business, science, and arts occupations","2,674",13240,9383,8032,10086,11354,7626,10533,8070,9059,5423,7834,95.0,6484,3214,1736,13376,31342,6581,5238,7977,14277,8768,8997,5523,5869,18086,4200,9166,7199,5397,3063,12119,4841,1779,2602,3266,14208,8983,11525,6011,7076,3013,3719,1895,6771,2919,6145,8593,13768,12266,1219,1423,1747,2402,0,1350,1589,2386,2628,1103,4455,2169,1996,2846,1025,2590,3599,2592,3822,6889,4750,7536,2732,5966,4518,2236,2573,5026,6065,6929,3159,4849,3270,5007,4562,6313,6502,170,30560,15958,17384,17185,7657,13066,29609,17677,12549,22371,22270,11832,8516,55176,25419,33562,33320,21933,8837,2704,15721,12561,10295,10462,6473,7640,12562,11341,15,1990,17315,5194,10975,72.0,12475,3280,7304,2059,1893,12354,0.0,4463,7813,3876,6841,6260,3262,23245,6515,9286,3033,5170,6691,8293,3728,2948,5771,6879,7457,4960,3479,6880,6382,5440,7859,2416,4493,6298,6231,9377,3781,3436,3414,2896,6483,4035,3991,2943,4671,3583,7691,5022,4837,3931,5258,3355,5749,4287,3121,3816,4624,2371,3517,3164,6880,2582,5754,3982,3321,5248,4034,3289,3354,4504,7750,0.0
   Service occupations,"1,014",4133,3080,3614,910,2170,2419,3002,7133,6978,8707,9645,72.0,10741,6102,817,2399,4183,7546,12073,1582,12226,1383,10816,5180,5078,5650,2381,9292,6361,3354,1112,6876,3035,2976,1356,2397,15101,3239,4198,3203,3093,3913,6439,4393,8409,5072,8847,3455,11149,8419,3454,3001,5119,6808,0,3490,2986,5254,5004,2383,8538,5118,6895,8224,4027,8350,7265,4479,5264,1228,7290,2398,4746,6326,3799,4546,3120,2726,4816,4394,4924,2855,3370,3431,4626,8264,6478,208,2265,1904,1327,3071,5951,7533,3908,3206,1055,1340,1829,667,600,6368,1756,2190,2613,1600,6766,3274,3094,7182,4369,6660,7158,7458,8887,13411,63,2124,9185,3497,5577,37.0,7824,3298,6265,9743,3782,14871,0.0,8680,13741,3316,8172,3195,2962,5281,2317,10479,2296,904,2049,6181,3071,2176,2004,3958,2370,2465,1232,7137,8100,2141,9921,2519,2782,1935,1812,3214,1649,4742,3278,3144,7009,7604,3959,2659,3389,2184,7224,1612,986,3270,2373,4078,5292,2047,3320,3213,3216,1759,1547,3042,3266,1185,2218,1752,1966,1957,1436,2033,1416,1661,3279,0.0
   Sales and office occupations,"3,347",5817,4344,4005,2568,3678,2437,3852,6035,7310,4921,6965,51.0,8624,4936,1290,4232,7448,4898,6164,2331,10527,2102,7196,3951,4739,9353,3439,9070,6346,3773,2193,11021,2845,2813,1451,2636,10975,5470,6251,4763,4547,3322,4541,2554,5944,2782,5932,5705,8685,7459,1875,2030,3330,4029,0,2209,2078,3544,2871,1842,5550,3173,3788,5167,2223,4692,5455,3232,5276,3200,5745,3047,3307,5550,4246,3309,3214,3482,5557,5533,3392,3508,3643,2699,3360,6425,4585,178,9411,5208,5504,6090,5389,6883,9488,5637,3840,8134,7137,3999,3065,12582,5933,11664,10916,5988,5713,2379,3794,8650,4654,5629,5772,5235,7361,9109,18,2263,10090,3200,6295,28.0,7308,3281,5373,4747,2796,11737,0.0,5090,9275,4062,8093,5328,3713,10679,3794,7560,3566,3097,3863,6547,3616,2564,3366,5079,3986,4164,2458,6830,8627,2766,10877,3098,3574,3772,3527,6137,2742,4061,3610,2763,6578,5694,4315,2051,4088,2578,8081,3434,3182,3047,2985,2757,4514,2970,2480,3241,2734,1731,1620,2600,4714,1814,4514,2832,2424,3956,2667,2918,2635,3483,5439,0.0
"   Natural resources, construction, and maintenance occupations",239,824,1691,885,282,399,304,620,1553,1745,3316,1845,0.0,2053,2176,71,400,967,2489,3211,529,2376,302,1968,688,2406,2222,986,3735,2994,1303,445,2834,992,819,400,927,2873,1245,1795,1301,1246,1090,1034,643,1769,1344,2198,1618,2660,2322,800,646,666,1300,0,648,708,688,893,368,2158,810,1282,1511,533,1763,1688,805,1038,555,1769,409,1950,961,683,1290,917,873,1167,1436,1159,1069,1057,1116,1001,1691,1892,8,178,426,315,414,674,802,299,421,151,80,110,236,49,978,279,404,481,254,942,285,416,1251,293,979,682,1033,1557,2165,11,438,2998,903,2031,37.0,2247,1070,1398,5331,1327,5701,0.0,3256,4118,1628,4964,1899,2023,1359,368,2231,931,845,1144,1778,1071,645,532,999,754,1504,364,2640,3286,691,4105,808,1039,732,580,1609,403,1195,535,720,1757,2085,1277,676,853,700,2391,763,773,711,1226,863,1839,939,771,985,840,1269,531,1139,1258,429,1305,1298,961,1276,1323,918,1170,1263,1654,0.0
"   Production, transportation, and material moving occupations",696,1267,1351,1466,214,601,545,1062,2507,2331,4984,3356,0.0,4321,2549,254,809,1382,3673,5292,560,3733,433,2422,1400,1872,3282,1334,5189,3853,1607,596,2950,1382,1365,523,1420,4752,1477,3042,1366,1785,1001,2100,1319,2222,1176,2284,1591,4202,3118,1158,1193,1834,2811,0,914,1348,1715,1721,1006,3094,1960,1973,3150,1530,2860,2624,1545,1789,622,2462,605,1636,2249,1152,2121,1212,828,1147,2157,1535,1243,1351,1318,1500,2434,1704,36,385,677,281,825,1787,2149,982,1135,311,444,613,188,104,1163,698,743,1204,223,2122,1278,944,2602,1749,2123,1566,3067,3427,4780,7,992,3136,1437,1828,0.0,4398,1842,2872,4695,1537,8135,0.0,4312,6281,1478,4397,1869,1426,2259,1008,4137,1720,552,977,2182,1325,1184,815,1884,1382,953,699,3504,4216,1059,5022,1233,1066,701,612,1635,789,1870,1325,1083,3049,3259,1893,853,1191,868,3528,1324,694,980,890,1567,1887,968,804,1234,1095,927,668,1033,1291,334,1011,792,879,921,951,798,605,990,1674,0.0
Civilian employed population 16 years and over,"7,970",25281,19849,18002,14060,18202,13331,19069,25298,27423,27351,29645,218.0,32223,18977,4168,21216,45322,25187,31978,12979,43139,12988,31399,16742,19964,38593,12340,36452,26753,15434,7409,35800,13095,9752,6332,10646,47909,20414,26811,16644,17747,12339,17833,10804,25115,13293,25406,20962,40464,33584,8506,8293,12696,17350,0,8611,8709,13587,13117,6702,23795,13230,15934,20898,9338,20255,20631,12653,17189,12494,22016,13995,14371,21052,14398,13502,11036,12935,18752,20449,14169,13524,12691,13571,15049,25127,21161,600,42799,24173,24811,27585,21458,30433,44286,28076,17906,32369,31959,16922,12334,76267,34085,48563,48534,29998,24380,9920,23969,32246,21360,25853,21651,24433,33794,40806,114,7807,42724,14231,26706,174.0,34252,12771,23212,26575,11335,52798,0.0,25801,41228,14360,32467,18551,13386,42823,14002,33693,11546,10568,14724,24981,12811,9517,12488,18799,15949,14046,8232,26991,30611,12097,37784,10074,12954,13438,12762,21972,9364,15304,12162,10606,24876,22677,15435,9182,14192,9913,28915,12155,10472,11939,12732,12620,19281,11211,10496,12489,12509,8057,7883,10978,17409,6344,14802,10656,9551,13358,10411,9956,9180,11901,19796,0.0
"   Agriculture, forestry, fishing, hunting, and mining",62,13,18,0,0,0,6,38,0,69,46,32,0.0,0,11,0,12,62,56,49,0,39,0,17,0,38,58,10,55,10,0,12,39,8,0,15,0,0,45,17,14,14,3,11,8,19,0,0,0,0,20,39,0,0,20,0,32,90,15,0,0,0,12,11,5,0,67,23,0,21,5,371,0,6,20,0,0,0,27,23,36,367,0,3,0,34,3,115,0,38,39,0,0,0,3,21,0,32,0,15,0,0,92,0,15,10,9,49,17,16,22,0,8,12,24,19,46,3,25,137,9,142,0.0,62,2,62,13,4,88,0.0,21,51,52,26,80,20,0,0,63,10,10,27,93,20,7,26,55,80,2,17,40,24,13,21,0,48,14,16,31,0,12,0,44,0,0,15,17,9,5,6,3,7,24,0,0,0,0,0,0,0,0,0,0,0,0,20,10,0,21,0,6,0,24,0,0.0
   Construction,222,813,1715,761,163,290,260,551,1334,1259,3155,1367,0.0,1565,1832,49,363,795,1962,2866,581,1799,142,1662,519,2303,2026,778,3002,2516,1225,363,2732,732,576,358,735,2281,1137,1397,1025,1271,730,671,606,945,1070,1414,1341,1741,1435,576,538,516,1068,0,407,470,441,662,233,1554,522,601,906,465,1133,1372,683,710,458,823,212,1647,574,363,843,734,653,619,1116,492,788,584,1010,605,822,1310,0,388,511,282,322,509,598,710,367,137,233,169,281,55,736,328,649,477,450,606,199,265,821,316,627,533,482,1022,1497,4,391,2492,933,1692,27.0,1893,981,1142,5012,1298,4311,0.0,2958,3467,1282,4515,1563,1657,1120,242,1865,782,476,1004,1657,826,521,443,887,472,1240,300,2017,2601,649,2465,722,788,690,439,1463,387,860,169,391,1116,1633,731,489,520,442,1412,615,692,424,902,486,1409,771,430,721,739,967,516,913,1256,347,935,1168,721,1072,1228,692,976,720,1225,0.0
   Manufacturing,849,1167,978,1192,243,826,456,548,761,1020,2422,1479,7.0,1249,1027,61,778,1465,1995,2925,469,1236,276,722,364,1284,1719,784,2416,1584,580,320,2023,669,370,361,689,1487,641,1177,733,1110,272,711,226,503,328,620,900,886,956,306,450,717,797,0,237,295,438,404,336,1024,658,890,807,348,978,889,373,636,343,841,437,481,810,289,583,625,418,156,619,485,297,339,1039,345,617,780,22,1293,977,652,558,1201,1330,1600,1489,950,863,1319,441,465,1913,1141,1824,1738,840,874,420,554,655,673,725,500,1499,1787,2308,4,357,1519,689,1013,10.0,1819,863,1090,1904,320,2928,0.0,1523,2737,612,2075,812,671,1869,556,1635,818,352,771,1282,686,509,465,885,596,386,377,1311,1517,449,2152,409,496,480,636,1073,433,610,202,413,761,1449,466,402,278,324,1270,495,571,207,323,479,664,217,506,388,350,225,290,286,551,148,625,360,320,349,292,347,195,353,682,0.0
   Wholesale trade,523,639,412,513,216,452,111,337,512,644,822,695,0.0,280,516,65,500,789,794,1008,227,734,156,362,230,620,723,396,1220,1042,231,564,1949,393,424,73,580,1057,964,862,832,801,91,61,114,298,104,169,559,520,498,294,215,264,400,0,70,101,237,264,77,581,258,281,781,139,384,351,281,504,206,383,184,132,474,118,333,227,309,386,593,150,271,248,178,164,393,207,25,1056,488,478,552,686,956,961,693,526,1031,779,495,142,1688,819,1369,1421,829,388,151,410,529,223,381,287,417,813,855,5,211,967,348,526,0.0,1031,531,639,799,241,1699,0.0,831,1389,507,652,520,498,1222,546,1164,541,624,756,953,586,349,350,571,625,529,403,678,808,105,1124,228,387,534,517,1094,381,259,223,303,368,437,248,90,257,85,638,398,283,125,231,156,333,158,145,161,213,126,55,201,251,120,288,234,149,323,123,154,232,206,484,0.0
   Retail trade,"1,092",2392,1817,1392,669,1434,1070,1484,2473,3053,2953,4015,0.0,3602,2234,555,1962,2296,2398,2806,678,3620,679,2787,1598,1944,3364,1382,3885,2825,1836,928,4569,1203,1421,312,984,4803,1872,2643,2397,1482,1168,1780,1192,2026,1399,2658,1860,3470,2544,811,1065,2009,2418,0,1233,1110,1965,1331,1008,2967,1637,2352,3134,1415,2844,3533,1900,2614,699,2713,1001,1655,2212,1302,1892,1216,968,1493,2126,1367,1272,1790,777,1800,3068,1958,62,3151,1950,1775,1951,1784,2778,4572,1929,1131,2184,2053,1537,543,3451,1446,3446,2692,1560,2420,812,1509,3577,1705,2401,3005,3092,3057,5308,7,1129,3948,1621,2408,0.0,3718,1670,2672,2939,1356,5468,0.0,2934,5206,1496,3893,1768,1411,3699,1299,3270,1612,1236,1444,2996,1199,950,1522,1935,1292,1331,871,2689,4290,988,4859,1209,1176,1738,1412,2211,1032,1958,1407,1312,2340,3505,1505,686,1579,926,3327,1492,1163,1181,685,931,1816,872,672,1354,1094,655,618,1306,1700,829,2021,947,687,1234,980,887,1108,1220,1795,0.0
"   Transportation and warehousing, and utilities",172,693,561,611,293,339,406,841,1922,1701,1523,1956,0.0,3355,1688,209,394,997,1160,1473,525,3086,391,2489,1237,750,2410,1067,2683,1987,1005,441,1030,867,862,479,916,3303,1151,2271,901,1041,1275,1960,1136,2146,979,2142,1626,3707,3137,418,352,862,1056,0,506,486,843,1237,513,1627,1079,1048,1514,512,1558,1238,903,1065,518,1538,598,1047,1604,1183,1130,869,878,1510,1557,894,1002,982,663,1036,2019,1285,31,224,331,235,629,782,1053,614,489,249,454,345,173,100,1032,330,445,791,145,1130,563,412,2077,1433,1123,970,1087,940,2064,6,508,2223,518,1367,0.0,2032,1068,1216,1505,988,4468,0.0,2092,2910,1108,1936,1344,1036,2113,874,2406,1004,565,1103,1500,955,841,883,1567,1004,816,599,2439,3436,1045,4657,870,1276,910,365,1431,541,1736,1539,1024,3283,1671,1882,1067,1440,817,3060,1293,880,1334,1028,1398,1661,933,640,828,654,844,288,578,1413,419,895,760,753,798,761,701,499,1157,1431,0.0
   Information,130,2199,1975,1631,1269,1432,1129,1348,582,1154,705,1065,15.0,740,293,201,2149,4709,990,533,1034,1814,1701,835,493,386,1322,276,810,450,782,107,488,293,220,155,221,1468,363,602,286,382,220,234,130,547,169,496,619,903,651,170,142,179,267,0,110,135,236,193,91,433,241,157,273,58,325,684,234,379,419,386,723,320,527,431,207,372,430,453,553,312,328,185,188,185,402,622,17,3715,1572,1141,2985,1200,1946,3862,2695,1159,2250,2664,1748,765,5631,2482,2842,3748,1671,1244,407,1234,1420,1568,926,590,1012,1210,1262,0,201,2411,747,1586,0.0,1721,198,624,202,274,1176,0.0,313,496,399,724,427,320,1569,407,509,322,514,391,661,191,297,533,542,457,311,409,498,426,304,613,144,363,300,410,800,298,371,204,175,565,267,326,138,363,355,617,301,285,375,368,127,373,358,340,254,325,170,119,176,314,104,480,173,307,362,239,252,265,359,545,0.0
"   Finance and insurance, and real estate and rental and leasing",545,1911,1188,1200,2346,2024,811,1609,1884,1814,917,1647,0.0,2091,1135,321,2069,4682,1318,1281,1161,3812,1191,1960,1285,1846,4482,1155,3450,2170,948,717,2729,1246,526,579,863,3644,2182,2651,1618,1978,863,1090,560,2005,666,1450,1866,2859,2502,499,715,604,786,0,409,643,1055,741,364,1392,903,707,1622,477,1085,1207,872,1658,1434,1686,1574,966,1651,1696,635,1047,1404,2114,1829,993,1169,1016,1006,1004,1604,1341,31,8228,5914,7477,4280,2119,3322,7686,4294,4894,8973,6980,3438,2299,12705,8572,10384,10097,8542,1634,709,1730,2819,1837,2535,1707,1379,3408,2590,0,526,3760,1212,2561,9.0,3000,839,2113,1101,564,3885,0.0,1353,2358,1338,2372,2210,1441,6546,1992,2762,805,1150,1452,2489,1072,731,1027,1726,1795,1616,811,2128,2391,1256,2911,864,1274,1538,1482,2297,1126,799,950,795,1801,1628,1078,443,1110,711,2242,1028,1181,959,1388,751,1427,1326,1012,1364,933,499,725,805,2000,831,1533,1307,1029,1841,991,1268,1068,1441,2642,0.0
"   Professional, scientific, and management, and administrative and waste management services",654,5346,3504,3091,3787,3832,2241,3674,2727,2716,2871,3591,47.0,3203,1904,136,4543,9906,2471,2510,2081,4558,2350,2715,1508,1669,4898,1529,3793,2708,1600,943,3107,1257,894,599,1078,5298,2574,2805,1959,2093,1145,1322,1198,2257,1458,1792,2055,3309,3012,820,902,809,1413,0,710,677,953,1384,485,1871,966,1318,1635,591,1380,1719,1038,886,1528,1891,1530,1202,1527,1274,1147,819,1284,1570,2457,1084,886,1198,1238,850,1861,1564,69,10991,5250,6053,6510,3326,4718,10609,5654,4160,8009,7712,4483,2914,17125,7109,9711,11364,7052,3121,1061,3675,3989,2807,2906,2284,2353,3659,3927,23,851,6317,1550,3176,42.0,4715,1148,3067,1392,1097,5673,0.0,2272,4119,1380,3503,2139,1418,7009,1861,2968,1035,928,1362,1883,1276,711,1193,1929,2041,1092,950,2758,2798,1857,3529,1070,1256,1437,1596,2137,796,1084,824,669,1453,2113,1205,894,1231,691,2661,1091,1263,735,1390,971,1840,1080,1054,1267,1501,623,823,1094,1879,681,1490,1293,1040,1143,1343,1151,735,1323,2363,0.0
"   Educational services, and health care and social assistance","2,931",4250,3388,3056,2902,4244,3880,4428,8092,8647,5354,7039,49.0,10393,4628,1751,4756,11004,5098,4816,3386,13732,3630,12006,5906,4449,10073,2785,7032,6199,4394,2193,11144,4440,2484,2518,2744,15543,6683,8057,4307,5085,4286,6762,3715,10132,4825,10201,6734,15855,13164,2573,2132,4111,4827,0,2986,2494,4482,4740,2217,6600,3932,4948,5670,2665,5852,5249,3835,4930,4631,7189,4845,3916,8215,4769,3629,2895,4367,7344,5498,5030,5065,3592,4620,6651,10005,8321,249,7873,3490,3509,4122,3495,7028,6994,4725,2334,3933,5434,2580,2776,19546,6990,12222,9762,5696,6406,2552,10951,9527,5970,8346,6271,6938,9752,10680,20,1655,8231,2537,5654,83.0,6010,1923,4415,2656,2144,8903,0.0,4375,5987,3245,6013,4319,2464,10913,3697,6129,1782,3069,3560,5049,2429,2061,4119,5049,5028,3758,1802,6565,6387,3407,8977,2125,3610,3385,3221,4892,2268,5015,4571,3343,8371,5181,4977,3272,5248,3743,8804,3574,3086,4530,4024,4867,6045,3259,3721,3400,4356,2239,2768,2932,5132,1780,3996,2617,2422,3825,2565,2703,2231,3206,5153,0.0
"   Arts, entertainment, and recreation, and accommodation and food services",243,4125,2717,3346,893,1725,1508,2447,1816,2913,4191,3823,30.0,1995,2029,186,2141,4478,4680,8565,1364,3719,1219,2377,1339,2744,3128,1264,4954,2686,1346,352,3368,844,1004,348,800,3992,1199,1504,1261,1408,632,1124,794,1150,713,1342,1078,2100,1725,1145,1069,1648,2884,0,854,1174,1452,983,800,2765,1592,2062,2257,1651,2645,2351,1410,2100,962,2175,1315,1697,1335,1451,1707,1241,739,1146,1788,1724,917,1584,1456,659,1677,1463,49,3780,2563,1744,3823,4826,3970,4418,4127,1434,1996,2165,958,1204,6930,2928,3393,3518,1729,4231,1977,1727,2958,2385,3364,3481,3334,5027,6334,38,998,6794,2826,4452,0.0,4876,2382,3872,6238,1820,8346,0.0,4357,8161,1201,3519,1373,1172,2672,1097,5801,1192,669,1201,2794,1730,1453,558,1765,1034,1688,661,3187,2810,665,2662,1357,1037,878,1071,2027,803,976,548,1064,1426,2388,1225,596,623,390,1743,600,340,486,814,849,1264,503,933,1059,1027,485,647,1108,849,327,761,670,660,708,521,600,627,593,1011,0.0
"   Other services, except public administration",422,1105,1012,744,567,803,735,850,1263,1032,1971,1684,7.0,1695,980,215,757,2293,1767,2464,686,2612,577,2190,1198,1146,2020,598,2145,1793,982,293,2149,711,576,357,697,3270,1003,1431,831,499,792,921,522,1678,938,1723,1068,2186,1902,683,586,573,937,0,553,858,1045,663,433,1758,1089,1263,1885,822,1632,1607,773,1015,795,1330,874,894,863,614,1040,542,619,650,941,638,882,691,772,893,1717,1471,19,1308,753,641,1135,994,1640,1344,1148,568,1001,1260,517,398,3100,1175,948,1331,1010,1427,536,1109,1750,1312,1555,1218,2141,2369,2932,4,647,2779,812,1388,0.0,2253,884,1642,2547,874,4431,0.0,2071,3483,909,2345,1003,718,2162,768,4168,1255,680,748,2828,1410,770,712,1121,820,848,602,1695,2004,684,2490,467,567,949,863,1557,837,776,591,474,1170,1601,798,381,631,465,1539,545,232,525,401,615,1466,550,539,733,530,461,358,726,920,271,779,499,392,652,631,356,461,441,829,0.0
   Public administration,125,628,564,465,712,801,718,914,1932,1401,421,1252,63.0,2055,700,419,792,1846,498,682,787,2378,676,1277,1065,785,2370,316,1007,783,505,176,473,432,395,178,339,1763,600,1394,480,583,862,1186,603,1409,644,1399,1256,2928,2038,172,127,404,477,0,504,176,425,515,145,1223,341,296,409,195,372,408,351,671,496,690,702,408,1240,908,356,449,839,1288,1336,633,647,479,624,823,939,724,26,754,335,824,718,536,1091,895,466,332,1442,1064,271,673,2318,765,1315,1585,465,850,516,377,2102,1131,956,793,675,731,1003,0,308,1146,429,741,3.0,1122,282,658,267,355,1422,0.0,701,864,831,894,993,560,1929,663,953,388,295,905,796,431,317,657,767,705,429,430,986,1119,675,1324,609,676,585,734,959,462,848,934,599,2222,804,979,707,903,959,1596,720,489,1034,1178,990,983,1184,504,960,787,763,676,853,1144,487,979,618,1071,1030,737,839,783,858,1636,0.0
Civilian employed population 16 years and over,"7,970",25281,19849,18002,14060,18202,13331,19069,25298,27423,27351,29645,218.0,32223,18977,4168,21216,45322,25187,31978,12979,43139,12988,31399,16742,19964,38593,12340,36452,26753,15434,7409,35800,13095,9752,6332,10646,47909,20414,26811,16644,17747,12339,17833,10804,25115,13293,25406,20962,40464,33584,8506,8293,12696,17350,0,8611,8709,13587,13117,6702,23795,13230,15934,20898,9338,20255,20631,12653,17189,12494,22016,13995,14371,21052,14398,13502,11036,12935,18752,20449,14169,13524,12691,13571,15049,25127,21161,600,42799,24173,24811,27585,21458,30433,44286,28076,17906,32369,31959,16922,12334,76267,34085,48563,48534,29998,24380,9920,23969,32246,21360,25853,21651,24433,33794,40806,114,7807,42724,14231,26706,174.0,34252,12771,23212,26575,11335,52798,0.0,25801,41228,14360,32467,18551,13386,42823,14002,33693,11546,10568,14724,24981,12811,9517,12488,18799,15949,14046,8232,26991,30611,12097,37784,10074,12954,13438,12762,21972,9364,15304,12162,10606,24876,22677,15435,9182,14192,9913,28915,12155,10472,11939,12732,12620,19281,11211,10496,12489,12509,8057,7883,10978,17409,6344,14802,10656,9551,13358,10411,9956,9180,11901,19796,0.0
   Private wage and salary workers,"7,171",20648,16333,14646,10844,14079,10104,14175,17865,21053,23148,22942,155.0,24797,16114,2506,16092,34481,21632,26909,9194,32554,9611,23270,12504,16311,30088,10008,30616,21790,12101,5969,30690,10755,7601,5041,8388,36383,15687,20167,13800,14137,8787,12601,8325,18305,9895,18817,14792,28593,24058,7132,6765,9908,13798,0,6766,7223,10718,10010,5328,18555,10434,12842,16923,7223,16858,16605,10050,13874,9391,16920,10538,11133,15341,9942,11124,8806,9876,12124,15478,10740,10660,10019,10315,10884,19408,16617,471,35916,20041,21787,22843,17970,24149,37117,24459,15452,27489,27909,14891,9770,60199,28416,43331,41066,25803,19592,7760,19383,22558,15652,21629,17533,20270,27811,34077,100,5988,35075,11913,21742,129.0,28332,10752,20007,23647,9332,42892,0.0,21964,35081,11024,26517,14108,10974,33939,11473,28324,9764,8073,10714,20603,10546,7520,9627,14558,11806,11149,6729,21671,24120,8940,30579,7823,9746,10297,9856,17127,7351,11569,8489,8020,17656,18451,11518,6611,10851,6602,21898,8561,7671,8242,8647,8846,15386,7646,8310,9263,9085,5623,5672,7986,12480,4749,10603,8357,6962,9753,7762,7433,6827,8945,13969,0.0
   Government workers,524,2094,1853,1653,1569,2287,2148,3189,5933,4984,2299,4642,63.0,6356,2091,1586,2803,6425,2118,2591,2230,8219,2058,5982,3234,2566,6563,1841,3878,3484,1911,738,2651,1709,1488,1046,1806,7351,2765,5272,1598,2436,3184,4543,2056,5651,2595,5416,4990,10208,7329,793,865,1920,2626,0,1540,900,2071,1999,1002,3562,1780,2007,2251,1088,1932,2352,1698,2347,2158,3561,2484,2007,5132,3719,1724,1916,2590,6295,4169,2717,2409,2053,2573,3609,4525,3746,105,2447,1309,1775,2045,1747,3890,2632,1591,1023,2562,2301,792,1562,6550,2030,2797,3683,1394,3004,1534,2565,7490,4008,3085,3220,2716,4030,3873,14,1344,4088,1568,3030,32.0,3259,1090,1838,1017,1223,5151,0.0,2186,3053,2626,3855,3755,1608,6138,1963,3198,1179,1728,3125,2921,1335,1284,2148,2626,2857,1695,1063,3825,3861,2308,4812,1816,2471,2377,2074,3485,1597,2873,2977,2108,6483,2488,3152,2202,2811,2961,5478,2867,2294,3325,3520,3199,2841,3143,1650,2748,2770,2137,1796,2233,4105,1189,3121,1807,2220,2958,2201,2270,1939,2690,5138,0.0
   Self-employed in own not incorporated business workers,275,2438,1619,1659,1647,1817,1079,1705,1500,1363,1876,1976,0.0,1054,767,76,2321,4416,1421,2411,1555,2338,1289,2136,986,980,1942,491,1928,1479,1403,702,2399,625,663,245,452,4175,1915,1353,1246,1174,368,689,423,1159,803,1173,1166,1663,2163,581,609,868,917,0,305,586,789,1094,360,1664,1016,1085,1724,1027,1457,1674,905,968,935,1524,955,1218,573,737,609,314,469,333,757,712,442,619,683,556,1177,769,24,4436,2808,1249,2668,1665,2351,4514,1983,1431,2242,1749,1214,975,9379,3587,2397,3675,2725,1784,626,2021,2198,1700,1139,898,1426,1935,2805,0,475,3480,732,1918,13.0,2639,881,1311,1897,780,4748,0.0,1602,3088,701,2044,673,804,2708,566,2171,589,738,869,1457,888,713,713,1602,1276,1078,422,1422,2588,835,2333,435,737,748,796,1292,416,839,696,478,704,1704,753,353,521,350,1495,700,507,364,519,575,1027,422,536,443,636,297,399,759,747,406,1030,492,366,647,448,253,335,248,680,0.0
   Unpaid family workers,0,101,44,44,0,19,0,0,0,23,28,85,0.0,16,5,0,0,0,16,67,0,28,30,11,18,107,0,0,30,0,19,0,60,6,0,0,0,0,47,19,0,0,0,0,0,0,0,0,14,0,34,0,54,0,9,0,0,0,9,14,12,14,0,0,0,0,8,0,0,0,10,11,18,13,6,0,45,0,0,0,45,0,13,0,0,0,17,29,0,0,15,0,29,76,43,23,43,0,76,0,25,27,139,52,38,110,76,0,0,0,0,0,0,0,21,18,51,0,0,81,18,16,0.0,22,48,56,14,0,7,0.0,49,6,9,51,15,0,38,0,0,14,29,16,0,42,0,0,13,10,124,18,73,42,14,60,0,0,16,36,68,0,23,0,0,33,34,12,16,9,0,44,27,0,8,46,0,27,0,0,35,18,0,16,0,77,0,48,0,3,0,0,0,79,18,9,0.0
Total households,"8,299",19172,15124,14888,11346,15085,11560,14937,24360,24225,18885,24164,170.0,30771,13634,6378,17628,31068,17023,20544,9510,40818,9394,26016,14662,14966,34990,10726,29717,21737,12037,6607,28325,13764,11215,8026,11068,37482,18430,25070,15435,15022,11686,20316,9841,18217,10222,20055,16432,27669,23279,8877,8318,12776,17497,0,9847,8319,14245,12475,6912,21343,12711,12795,17631,8338,16528,18253,10599,14192,10909,17347,12741,11448,18657,12590,11247,8788,11247,18258,16655,13479,9707,9657,11364,11599,20322,15128,482,37218,18761,18931,22306,18107,30216,39072,25261,15964,29094,26173,14877,10481,66941,32169,43515,43613,28751,18678,8130,20166,33203,18506,22874,22183,18168,25490,29283,0,7283,34018,10958,20793,162.0,26309,8352,16388,11533,6264,36495,0.0,16253,27528,11561,23963,14899,10629,38771,12455,25643,7749,10253,11544,17877,8870,6384,9489,13557,13265,11797,6582,17140,17535,9997,22031,6837,11261,11235,9677,16043,7182,11627,9939,6273,15308,15700,10364,5553,7896,6337,16048,8110,9167,7891,11319,12157,16060,9083,7941,10025,11686,6369,6303,9115,13345,5438,11096,8752,7881,9786,7622,8194,6945,8805,15289,0.0
"   Less than $10,000","1,726",2200,1270,1481,580,1784,1405,1480,4370,3845,2841,4120,0.0,6309,2187,1521,1592,1241,1798,2385,611,6695,542,2851,2083,793,2495,966,2347,1618,1027,591,2375,2928,2455,920,1382,4345,2601,3036,1379,1156,2331,5049,2335,1456,1152,2213,641,2516,1501,2360,2227,2998,4511,0,2584,2201,3827,2892,1758,4268,2480,2027,3451,1812,3064,3248,1894,2012,624,2084,841,2039,2510,1096,2075,948,961,1485,1423,2564,971,969,1053,1320,2625,1069,55,1882,1554,970,2335,2999,5388,2720,2068,1398,1302,1691,1012,623,5522,1968,2484,2153,1075,2821,1745,3309,5799,2949,3248,4585,1886,2900,4447,0,1366,3008,1109,1304,0.0,1660,414,992,493,403,2732,0.0,1505,2250,773,2094,816,648,2535,899,3045,295,600,336,1454,883,380,371,674,874,1422,413,1047,1010,442,1101,512,433,648,350,619,269,1385,645,376,720,1598,585,206,182,156,580,252,380,199,407,2037,3073,284,824,976,1835,784,480,977,569,434,397,492,333,459,293,274,271,315,363,0.0
"   $10,000 to $14,999","1,558",1407,711,1265,195,787,834,749,1840,2241,1326,1810,0.0,2262,1030,807,863,801,1172,1841,300,3759,250,1836,1204,744,1683,868,2113,1504,1185,351,2731,1318,1172,831,930,2696,1319,1701,987,1067,1120,2386,891,751,724,1238,445,973,725,1074,991,1670,2591,0,1455,1208,2043,1121,759,2378,1447,1504,1954,1115,1766,1887,1032,1326,290,1313,503,1123,1575,559,1001,653,707,972,791,1184,363,526,713,735,1254,762,33,1011,909,404,1122,1656,3649,1304,1433,770,504,1042,350,429,2752,1254,1184,1170,485,1349,958,983,3101,1554,2468,2669,1389,1667,2386,0,850,1722,584,929,26.0,1251,411,748,596,339,1798,0.0,872,1666,542,1427,641,551,1437,586,1776,178,259,295,748,356,208,219,517,626,766,235,677,731,399,803,292,532,317,245,422,381,851,450,354,304,991,435,146,157,130,519,164,379,240,497,831,1235,346,392,534,744,355,140,521,386,302,384,489,250,274,185,214,345,186,476,0.0
"   $15,000 to $24,999","1,411",2018,1238,1927,628,1274,989,1379,3148,3186,2630,3781,0.0,3959,1486,884,1182,1404,2348,3308,635,4918,720,3239,2115,1647,3626,1096,3800,2797,1803,884,4719,1531,1668,1081,1730,3974,2024,2598,1904,1616,1368,2898,1262,2088,1448,2096,1286,2305,2179,1577,1353,2167,3252,0,1417,1374,2361,2371,1166,3217,2644,1923,3189,1510,2891,3326,1635,1998,859,2099,1131,1796,2763,1364,1714,1262,1031,2599,1586,1560,776,1231,1284,1257,2631,1388,74,2020,1023,670,1714,2707,4230,2857,2128,857,1436,1397,715,632,3966,1916,1754,3072,1030,2420,1297,2036,4408,1746,3041,3314,2726,3167,3907,0,1208,3441,1316,2025,20.0,2671,797,1530,1320,574,4354,0.0,2275,3929,1313,3076,1370,840,3135,1238,3939,780,857,945,1449,763,659,880,1372,1307,1256,524,1824,1697,914,2321,473,925,954,761,1362,532,1365,949,441,1293,2299,947,225,255,296,1238,455,679,510,982,1238,1766,612,605,887,1344,484,558,1078,977,396,594,851,630,498,520,650,220,472,834,0.0
"   $25,000 to $34,999",999,1715,1410,1471,537,995,1196,1236,2422,2725,2277,2246,36.0,3563,1348,654,1153,1261,1913,2751,740,4495,576,3401,1641,1783,3151,1244,3855,2769,1269,560,4078,1504,1424,701,1452,4535,1806,2596,1494,1346,1094,2476,924,1638,1324,2253,1207,2412,2138,1002,1114,1695,2109,0,1284,1248,1586,1344,916,2211,1594,1942,2171,920,2072,1824,1496,1663,592,2289,925,1282,2237,1297,1314,782,1084,2080,1197,1343,657,1183,1090,1260,2611,1826,28,1728,1052,725,1583,1911,2924,2448,2321,834,1251,1086,624,463,3753,1414,1926,1942,1004,2142,768,2012,3727,1859,2636,2425,2223,2763,3711,0,735,3337,1396,1539,0.0,2708,1042,1889,1796,676,4248,0.0,1911,3268,1014,2514,1399,970,2718,1233,2874,712,762,780,2476,827,830,723,1284,1123,1167,581,1536,1834,717,2490,443,967,867,723,1215,643,1098,1028,727,1319,2038,955,378,591,508,1065,536,886,481,846,1521,1321,426,908,1093,1014,424,484,758,1015,372,705,754,651,490,392,655,410,429,868,0.0
"   $35,000 to $49,999","1,035",2060,1484,1600,775,1357,926,1603,3232,3049,2821,3448,46.0,4598,2054,976,1576,2596,2571,3077,776,6357,769,3974,1917,1885,4614,1386,4469,3738,1506,774,3705,1509,1462,1092,1521,5661,1883,2590,2647,1799,1871,2465,1333,2836,1239,3024,1927,3393,3072,1214,894,1758,2011,0,1282,953,1619,2032,822,3251,1665,2088,2737,1182,2485,2450,1505,1760,1104,2560,1333,1390,2362,2142,1724,1407,1412,2641,1867,2061,1135,1319,1874,1704,2761,1688,100,2565,1321,935,1756,1898,2803,2743,2246,1345,1911,2089,1093,702,5190,1833,3108,3117,1312,2667,1188,1734,4532,1814,2443,2576,2585,3354,3928,0,739,4870,1502,2727,22.0,3324,1581,2582,1815,927,5580,0.0,2349,3977,1445,3203,1618,1619,4114,1811,3353,1301,1221,1215,2073,1146,886,1261,2027,1798,1195,952,2546,2295,1395,2785,886,1503,985,799,1824,646,1639,1802,742,1859,2484,1325,610,962,563,1860,1004,857,1021,1143,1568,1655,759,1325,1363,1242,649,572,1067,1289,586,1254,993,929,814,665,910,516,543,1156,0.0
"   $50,000 to $74,999",672,3013,2868,2484,1430,1575,1593,2432,3636,4088,3539,4022,56.0,4799,2515,930,2545,4804,2909,3230,1391,6412,1623,5219,2205,2860,5995,1654,5735,3582,2064,1279,4138,1406,1422,1517,1552,6848,2887,3762,2874,2569,1762,2490,1324,3265,2125,3883,2438,5073,4390,1022,872,1377,1567,0,1028,864,1381,1313,907,3318,1459,2057,2288,918,2386,2592,1499,2891,1935,3497,2488,1796,2746,3055,1697,1602,1909,3193,2702,2051,1826,1609,2098,2010,3859,2728,86,4998,2098,2125,3608,2530,4035,4573,3759,1082,3136,3638,2038,1320,7957,3518,7284,6778,2805,2971,1030,2485,5138,2910,3138,2917,3144,4035,4615,0,1106,6485,1728,4362,11.0,5155,1584,3176,2393,1201,7007,0.0,3238,5431,2105,4588,2210,2438,6931,2131,4456,1599,1770,1844,2881,1583,1387,1700,2704,2334,2087,942,3214,3573,2288,4141,1437,1881,1920,1322,2415,1303,2087,1997,1146,2665,2811,2228,1049,1107,1295,3202,1596,1351,1351,1776,2068,2625,1448,1348,1382,1843,1056,943,1193,2107,844,1718,1556,1171,1500,1388,1378,1237,1468,2256,0.0
"   $75,000 to $99,999",389,1928,2286,1679,1249,1502,1234,1741,2298,2099,1697,2123,0.0,2267,1207,335,1852,3903,1644,1766,1356,3401,1080,2316,1551,1678,4388,1234,2538,2375,1272,703,2298,1384,708,606,938,3792,1835,2920,1519,1554,781,1177,774,2316,910,2288,2378,4108,3316,359,430,562,779,0,457,240,807,802,338,1323,960,733,1087,572,1130,1434,778,1412,1379,1471,1590,984,1788,1693,749,955,1312,2341,2463,1578,1079,1151,1446,1430,2088,2285,49,3712,1394,1881,2993,1646,1847,3613,2696,859,3694,2873,1744,1321,6151,3022,4677,5279,2538,1600,586,1779,2738,1609,1721,1566,1885,3027,2817,0,611,4316,1155,2889,26.0,3351,845,2122,1306,897,4499,0.0,2155,2889,1756,3051,2184,1591,5082,1667,2643,1038,1238,1598,2059,1042,822,1188,1582,1738,1400,1068,2339,2556,1271,3074,962,1834,1798,1463,2362,1098,1141,1473,642,2295,1633,1491,932,1436,996,2479,1149,1334,1258,1736,1158,1634,1549,871,1254,1282,940,963,1249,2425,743,1614,971,1123,1517,1087,1083,962,1632,2747,0.0
"   $100,000 to $149,999",318,2461,2171,1871,1921,2084,1734,2123,2134,2005,1237,1955,19.0,2208,1205,155,2990,6083,1824,1492,1858,3290,1937,2022,1336,2063,4464,1497,3062,2129,989,883,2468,1239,559,884,956,3441,2148,3727,1624,2413,849,1016,825,2530,863,2079,3580,4438,3631,245,318,396,487,0,292,145,476,463,179,998,407,429,487,257,490,1164,528,811,1962,1408,1921,784,1819,1062,567,867,1864,1947,2830,953,1560,1305,1199,1356,1878,2356,38,5715,2506,3340,3260,1467,2676,5495,3659,2546,4849,4706,2625,1960,10206,4479,7513,7047,4061,1498,361,2229,1837,2150,2428,1312,1515,2585,2121,0,400,4374,1260,3228,53.0,3761,926,2353,1204,829,3964,0.0,1275,2767,1504,2776,2990,1211,6643,1608,2391,1083,1926,2394,2607,1453,734,1590,2280,2143,1589,1010,2231,2367,1461,3253,1332,1705,2411,2076,3236,1364,1317,886,1194,3057,1225,1508,1407,1851,1311,3197,1679,1874,1775,2123,1171,1434,1968,1110,1656,1516,921,1058,1490,2271,983,2245,1372,1452,2112,1426,1675,1421,2256,3653,0.0
"   $150,000 to $199,999",81,1117,955,701,1115,1369,816,1211,854,580,340,401,7.0,575,332,63,1535,3590,425,407,841,907,850,771,324,907,2481,421,1207,730,590,231,1114,523,284,196,364,1276,1009,1153,495,885,273,283,114,1014,262,595,1388,1661,1588,3,82,132,142,0,32,86,132,101,47,306,21,85,225,30,156,162,150,215,809,500,973,136,584,260,277,232,618,748,1124,137,846,278,460,398,361,669,3,3932,1568,2067,1706,632,958,3533,1649,1773,2674,2279,1810,1307,6099,3539,3459,4104,2853,519,118,1313,921,932,617,390,475,1013,681,0,165,1510,507,1176,4.0,1100,413,596,422,284,1277,0.0,391,732,749,678,898,510,3254,729,607,434,985,1129,1189,476,198,725,842,831,547,446,1104,985,787,1189,304,735,675,818,1591,580,501,600,421,1180,314,464,431,912,776,1303,737,924,689,913,346,606,1124,292,589,532,594,442,526,1397,412,1143,839,848,1192,743,708,755,829,1768,0.0
"   $200,000 or more",110,1253,731,409,2916,2358,833,983,426,407,177,258,6.0,231,270,53,2340,5385,419,287,1002,584,1047,387,286,606,2093,360,591,495,332,351,699,422,61,198,243,914,918,987,512,617,237,76,59,323,175,386,1142,790,739,21,37,21,48,0,16,0,13,36,20,73,34,7,42,22,88,166,82,104,1355,126,1036,118,273,62,129,80,349,252,672,48,494,86,147,129,254,357,16,9655,5336,5814,2229,661,1706,9786,3302,4500,8337,5372,2866,1724,15345,9226,10126,8951,11588,691,79,2286,1002,983,1134,429,340,979,670,0,103,955,401,614,0.0,1328,339,400,188,134,1036,0.0,282,619,360,556,773,251,2922,553,559,329,635,1008,941,341,280,832,275,491,368,411,622,487,323,874,196,746,660,1120,997,366,243,109,230,616,307,426,169,443,306,605,538,503,367,896,219,711,567,266,291,334,162,663,256,909,366,1042,435,494,930,923,647,808,675,1168,0.0
   With earnings,"6,354",15944,12700,11519,9630,12308,8967,11863,16989,18619,15040,18029,153.0,21744,10907,3444,14290,27780,14191,17135,8068,30494,8276,21128,11305,11555,26983,7365,22551,16192,9848,4947,22569,8760,6697,4452,6729,30694,13793,17529,11016,11482,8275,13366,7297,14835,8309,16203,13162,23894,19675,6012,5415,8393,11196,0,6393,5322,9047,8855,4647,15263,9201,9824,13644,6179,12572,13771,8158,11201,8115,13886,9573,8483,13331,10043,7944,6889,7952,12561,12605,9670,7412,7685,8682,9086,15738,12081,397,31696,16094,17014,18748,13096,19384,32686,20934,13430,24421,21881,12360,7729,54203,25904,36512,36976,22602,14591,5799,14809,23626,14093,16445,14712,14803,20673,22338,0,5300,27474,9002,17269,102.0,22392,7064,13599,10554,5475,30502,0.0,13559,23188,8833,19309,11094,8520,29911,9853,20045,6529,7132,9185,14628,7105,5389,7808,11595,10523,8690,5104,14770,15682,8022,19367,5693,8179,8906,7462,13087,5667,8847,7799,5381,12918,13260,8615,4878,7268,5317,14264,6771,6197,6464,8745,9145,11414,7058,6497,7714,8702,4748,5093,6844,10716,4008,9029,6645,5832,7867,6196,5980,5795,7289,12153,0.0
   With Social Security,"1,584",3104,2418,3508,2402,2667,2427,2974,5819,4690,2687,5071,47.0,5942,2321,2224,3131,4664,3174,3742,1795,8847,1354,5944,3485,4869,9434,3371,8572,6333,2325,1872,6520,2558,3412,3662,3976,6539,4444,7132,4689,3616,2516,4739,1681,5081,2091,5175,5067,5594,5975,2074,1885,3123,4348,0,2349,1794,3022,2877,1632,5136,2363,2299,2882,1345,2501,3323,2221,2645,3722,3711,3897,2422,5594,2532,2791,1708,4015,6761,5119,3170,2981,2422,2970,2500,4927,4521,72,6905,3200,1851,3184,5085,10080,6786,4120,2650,6903,4628,2652,2931,16149,7795,9179,9004,9802,4522,1902,4225,7355,3067,6014,5500,3793,6293,8560,0,1656,7769,2120,4845,60.0,4504,1944,3736,1786,1425,8571,0.0,3333,5830,3530,5183,5021,2639,10755,3066,6152,2229,4241,4079,4536,2544,1525,2848,2853,3305,3584,1819,3728,3560,2255,5206,1585,4969,3255,3324,4899,2513,3392,3123,1520,4862,3418,2737,1384,1712,2537,4442,2267,4059,2915,3632,2551,4026,3093,1428,2229,2709,1700,1586,2244,4461,1517,3700,2966,2659,3182,2213,3205,1769,2557,5182,0.0
   With retirement income,269,716,917,1379,1466,1300,1029,1767,2730,2130,768,1755,28.0,2866,793,794,1497,2914,1119,1250,996,3632,743,2631,1593,2430,5193,1761,3719,3136,1151,698,2180,1330,1161,1722,2092,2857,1862,3941,2338,1479,1245,1766,708,2848,1116,2585,3021,2582,3780,517,441,857,1424,0,638,833,751,833,405,2242,968,931,1282,281,953,1272,1020,1080,2142,1936,2097,916,2938,1624,1098,996,2386,4251,3396,1527,1782,1181,1418,1220,2798,2561,32,3458,1210,1001,1212,1437,3870,3609,1774,1058,3635,2412,1362,2116,8838,3851,4096,4517,3817,1919,697,2170,3984,1227,2540,1947,1645,2662,3035,0,668,3760,828,2107,25.0,1760,896,1650,743,679,3748,0.0,1627,2216,1632,1808,2468,1619,5152,1427,2179,1030,2310,2129,2191,1149,650,1793,1527,1844,1557,1374,1917,1344,1260,2364,852,2981,1933,1914,2758,1380,1858,2272,906,3302,1249,1633,1218,1389,2008,2695,1571,2211,2282,2972,1946,1366,2486,850,1604,1785,1186,1179,1359,3036,981,2363,2030,1948,2209,1573,2363,1219,1861,3945,0.0
   With Supplemental Security Income,825,1459,462,1103,114,1191,1024,615,2776,2445,2078,3271,36.0,2706,805,1149,1054,638,1163,1607,381,3231,120,1558,1091,813,1208,1009,2559,1935,1054,359,1765,3023,2654,1218,1660,2739,1893,2089,1316,1330,937,2264,831,926,577,1141,652,1517,1327,1590,1738,2471,3623,0,2033,1215,2764,1880,1004,2913,2080,1646,2563,1261,2619,2175,1518,1481,227,1441,676,1123,2341,935,1250,588,582,975,842,1398,719,660,752,933,1634,571,43,398,623,151,675,2021,4715,1330,870,383,367,733,283,191,2818,537,925,1106,350,1582,1080,1167,3399,1504,2532,3383,2097,2413,4221,0,560,1207,619,684,0.0,1155,144,492,646,283,1240,0.0,1188,1164,496,894,443,270,1658,570,1980,326,421,270,739,591,219,292,534,517,842,109,1129,1031,378,1552,506,406,327,267,392,226,668,603,338,762,1088,850,223,276,301,651,291,268,250,426,1047,1974,271,544,691,758,264,263,752,617,420,319,675,249,238,277,420,260,184,576,0.0
   With cash public assistance income,385,659,194,553,106,701,636,289,2253,1833,1134,1488,0.0,2648,775,213,491,279,1258,1748,144,2891,189,1215,644,684,939,496,1469,1063,372,111,1987,342,1207,189,548,1924,410,1016,366,238,1035,1863,1038,580,457,921,277,810,547,997,792,1664,1959,0,1365,1076,1945,1565,666,2347,1433,1203,2305,1112,2040,1269,710,735,129,1126,264,936,886,237,1031,422,107,550,516,863,436,610,272,569,1429,465,7,314,209,118,294,718,1857,648,506,314,279,298,318,261,1162,451,370,371,132,840,664,661,2114,1096,1713,1996,913,820,1500,0,654,807,337,274,0.0,811,272,559,635,126,1234,0.0,827,1115,202,859,165,140,631,68,720,132,87,84,521,272,247,154,278,314,518,213,497,668,338,728,150,162,214,62,304,134,836,239,238,457,610,479,256,356,189,568,112,77,285,245,1325,1258,127,480,600,975,469,136,429,318,213,163,277,177,103,58,145,83,63,172,0.0
   With Food Stamp/SNAP bnfts in the past 12 mo,"4,501",4812,801,3019,230,3078,2442,1926,8318,8447,7011,8727,82.0,8236,2869,1967,2148,1352,4368,6157,624,10880,680,5417,3494,2114,3892,1637,5421,4286,2668,1007,8141,4240,5195,1908,2802,9497,3785,4271,2207,2315,3932,7961,3619,2823,2549,3702,1071,4034,3555,4665,4417,6809,9137,0,5283,3957,7300,6343,3605,8934,6118,5734,8542,4330,7634,7391,4304,4801,526,4842,1323,4211,5632,2274,4201,2070,858,2045,2254,4561,1304,2151,1978,2569,5398,2233,126,787,1258,254,1792,4572,9224,2540,2061,1051,345,888,761,305,4589,949,1446,2099,356,5510,2415,1947,9326,3259,5675,6698,6034,7422,11001,0,2414,3775,1600,1621,0.0,2645,774,1776,3083,1021,5284,0.0,4329,4313,734,2567,683,606,2883,1053,4563,787,396,324,1971,1115,552,629,1205,1235,1743,428,3264,2904,1102,3208,1141,729,652,373,748,333,3306,1168,1015,2101,3563,2063,709,956,624,2035,412,375,1050,731,3727,5330,459,1402,2167,3147,1078,691,1838,1040,743,680,833,657,308,443,751,274,258,749,0.0
Families,"6,813",8691,6330,6765,4784,7392,5436,6536,14657,14903,13415,15324,72.0,21990,10976,3242,9142,15944,11384,15596,5467,22559,4055,16019,8910,10939,19449,7451,21426,15789,8026,4740,22238,7845,7427,4649,7477,23765,12300,16523,10589,10465,7869,14001,7255,12779,6973,14302,12613,21561,17775,6064,5574,8506,11940,0,6738,4922,9534,8728,4652,13285,8181,9026,12024,5682,11684,11906,6801,8988,5579,11616,7154,7915,12938,7307,7915,6290,6207,10262,11362,8202,7267,6712,6979,8388,13650,10561,264,9844,7241,7108,5202,9746,16221,10454,5861,4653,9162,7280,3612,3951,27834,12290,15753,15781,14891,9900,4668,8860,16244,9201,12506,13006,10790,14239,16495,0,4382,15767,5784,11327,97.0,13326,6074,10036,8978,4670,23559,0.0,12013,19322,8094,16865,10245,6844,21552,7128,16786,5565,6302,8470,13110,6900,5307,6527,8868,8688,8200,4527,13620,14549,5445,18347,5334,7739,7422,6711,11539,5510,8478,6309,4873,11777,11419,8040,4406,6540,5099,13364,6319,5358,6227,7368,8296,10411,6524,5298,7920,7627,4738,4414,6107,10581,4033,8552,5855,5815,7711,6107,6025,5736,6870,11869,0.0
"   Less than $10,000",976,788,355,444,38,675,569,326,2093,1787,1758,2006,27.0,3796,1437,362,567,315,865,1479,221,3136,228,1321,749,425,750,399,832,667,413,143,1389,472,784,80,278,1718,748,1129,439,294,1400,2744,1565,640,506,929,209,1621,744,1208,1099,1646,2536,0,1472,931,2126,1458,752,1855,1164,1260,1723,1035,1786,1711,790,774,98,1172,192,1015,1209,404,1259,546,225,655,770,995,492,567,417,651,1387,601,8,120,384,45,259,1079,1766,437,211,163,214,279,134,37,1075,378,218,535,242,1096,823,704,2104,1088,1258,1990,858,875,1354,0,593,787,306,486,0.0,414,148,375,481,236,983,0.0,885,1180,332,1356,280,135,514,200,1205,88,138,46,720,457,148,116,245,238,667,137,742,763,115,765,286,141,218,182,239,133,756,166,183,229,743,346,158,200,108,299,77,61,69,153,1202,932,84,460,575,1119,433,230,560,247,247,110,96,215,261,123,15,175,175,129,0.0
"   $10,000 to $14,999","1,312",836,182,614,50,395,421,259,878,1413,1047,1028,19.0,1394,727,447,470,182,823,1242,129,1657,47,861,562,393,589,477,1162,786,722,234,1914,920,780,326,505,1447,649,698,440,629,494,1445,590,313,439,576,187,555,358,659,480,912,1498,0,923,771,1185,653,645,1419,895,1020,1310,759,1310,1090,783,714,46,757,227,733,962,274,660,296,136,198,424,545,134,301,240,340,605,394,23,115,283,124,224,1137,1913,170,131,121,39,221,14,28,496,177,91,85,89,564,473,390,1026,690,913,1386,999,915,1122,0,393,624,198,361,0.0,475,219,327,521,214,914,0.0,521,889,176,732,206,115,650,247,946,98,90,119,364,183,196,79,315,403,240,150,446,443,182,535,148,195,192,29,191,138,408,129,139,161,591,220,51,106,20,382,60,66,184,128,494,654,154,304,349,313,169,39,221,109,151,270,135,75,52,37,108,265,40,123,0.0
"   $15,000 to $24,999","1,260",1373,505,1042,77,711,449,597,1982,1921,2012,2624,0.0,2792,1205,475,463,496,1654,2976,266,2681,349,1593,1101,1102,1714,495,2375,1556,1254,524,3449,796,1059,470,972,2377,1355,1497,976,804,950,2202,974,988,1000,1579,769,1459,1171,1230,1011,1501,2412,0,1017,1005,1739,1847,725,2186,1831,1386,2418,1035,2180,2177,1135,1518,91,1477,624,1376,1655,782,1369,924,474,1007,790,940,535,783,688,857,1741,818,17,231,328,185,493,1940,2370,724,418,187,92,266,125,221,1179,463,185,627,261,1383,717,726,2400,931,1931,2063,1866,2193,2709,0,772,1504,692,1144,4.0,1209,617,807,1267,504,2737,0.0,1585,2982,601,1950,642,461,1090,546,2769,404,173,468,919,515,560,354,849,676,631,273,1253,1363,449,1554,376,513,592,243,659,325,908,622,281,687,1595,553,196,99,184,899,194,218,290,429,900,965,243,428,509,833,307,183,598,577,159,361,299,328,271,276,207,110,235,339,0.0
"   $25,000 to $34,999",937,999,689,885,105,473,449,479,1310,1841,2050,1398,19.0,2613,1136,329,640,533,1542,2286,235,2556,206,2233,1044,1387,1509,794,2712,2187,878,384,3424,814,1009,435,1130,3058,1289,1588,1032,999,745,1932,714,1081,996,1564,732,1718,1460,819,865,1167,1657,0,946,737,1127,1044,686,1477,1121,1517,1547,591,1533,1264,1064,1131,256,1312,326,901,1643,738,952,643,470,806,724,1013,411,778,643,852,1631,1103,37,167,301,126,308,1378,2036,370,557,165,156,275,90,129,1274,374,362,312,163,1183,576,827,1790,1020,1846,1644,1468,1713,2189,0,548,1582,850,907,0.0,1394,801,1160,1436,425,2758,0.0,1589,2558,618,1647,846,700,1395,650,2049,524,382,428,1782,649,707,291,872,657,820,305,1064,1529,365,2100,309,603,447,474,794,456,888,659,569,896,1468,816,322,392,309,705,455,429,367,479,916,878,249,521,832,491,297,296,532,732,280,427,456,448,317,253,328,323,226,465,0.0
"   $35,000 to $49,999",899,1195,681,841,72,742,490,660,2055,2157,2113,2396,0.0,3419,1629,525,832,1119,1720,2319,418,3628,272,2586,1221,1477,2433,1110,3665,2957,1032,560,2934,997,1236,813,1229,3876,1221,1628,1916,1235,1202,1659,855,1973,729,2185,1434,2683,2249,865,753,1346,1553,0,850,633,1175,1657,714,2203,1143,1549,2002,840,1848,1685,1085,1173,394,1882,732,962,1667,1323,1161,913,798,1407,1177,1360,804,979,1115,1229,1987,1180,65,270,397,236,378,998,1890,559,676,378,313,402,160,214,1411,264,761,651,359,1633,705,782,2678,1047,1377,1840,1578,1848,2586,0,478,2439,1013,1514,9.0,1698,1125,1845,1594,619,3817,0.0,1887,2769,1000,2192,982,1015,1730,980,2343,867,725,893,1751,876,771,884,1212,1202,839,636,2030,1887,770,2552,700,817,573,496,1231,391,1409,1072,555,1354,2009,1103,550,755,399,1598,649,307,751,485,1063,1390,439,876,1079,845,387,392,637,833,404,809,713,637,529,570,636,345,404,841,0.0
"   $50,000 to $74,999",634,1062,1096,1103,373,648,680,1102,2306,2598,2417,2697,7.0,3688,2211,630,1259,1925,1861,2346,662,3739,530,3187,1433,2170,3370,1288,4466,2646,1413,1044,3535,1025,1138,930,1266,4561,1970,2552,2224,1840,1263,1684,1098,2410,1549,2929,1858,3962,3485,807,747,1053,1114,0,864,512,935,1029,656,2349,1037,1389,1672,748,1725,2011,856,1985,876,2342,1314,1328,2056,1770,1246,1320,1245,1780,1734,1441,1408,1081,1326,1509,2513,1875,65,1054,603,514,662,1436,2356,788,651,146,464,422,276,432,2152,1022,1537,1505,771,1402,658,1007,2869,1289,1897,1723,1664,2190,2841,0,764,2890,897,2161,11.0,2691,1208,1774,1735,944,4869,0.0,2411,3913,1753,3591,1589,1575,3639,1043,3058,1130,1180,1369,2041,1297,1131,1025,1667,1475,1541,585,2670,2879,1023,3470,1065,1243,1181,871,1645,1048,1454,1055,895,2127,2186,1836,742,932,1073,2589,1109,721,930,1044,1512,1912,953,845,1236,1090,843,576,896,1660,615,1351,1056,864,1177,1113,1045,885,1015,2016,0.0
"   $75,000 to $99,999",316,652,777,549,363,525,592,778,1586,1292,876,1369,0.0,1748,1077,220,789,1660,1127,1202,798,2038,340,1716,1240,1146,2500,919,2076,1996,802,537,2001,919,642,501,799,2442,1426,2308,1196,1277,621,1086,600,1955,730,1859,1835,3582,2790,310,270,379,632,0,393,183,853,567,314,970,614,526,819,470,703,957,567,837,798,1178,817,746,1406,862,542,654,669,1802,1838,1103,875,904,1110,1353,1699,1816,31,599,369,422,658,756,1035,1070,691,244,623,483,402,452,2027,741,1059,1442,842,804,417,726,1257,808,905,1074,925,1564,1571,0,371,2029,543,1663,26.0,1757,676,1424,816,801,2772,0.0,1503,2247,1440,2210,1753,1156,2900,1115,1826,830,804,1310,1640,927,692,889,1164,1275,1292,842,2057,2199,796,2595,817,1531,1196,1038,1845,910,940,1138,599,2036,1255,1114,695,1175,830,2220,1089,893,1089,1268,871,1368,1086,587,1179,962,812,776,835,2175,583,1144,761,928,1214,904,884,795,1338,2254,0.0
"   $100,000 to $149,999",303,862,1259,849,790,880,856,1011,1434,1194,793,1479,0.0,1857,1050,138,1592,3371,1162,1193,1239,1972,886,1608,1021,1550,3005,1297,2559,1837,712,784,2020,1027,500,782,779,2516,1838,3231,1439,2030,762,898,686,2302,671,1756,3219,3683,3359,142,303,360,386,0,248,94,281,370,109,546,342,314,350,182,444,736,351,583,1224,943,1214,649,1607,851,429,729,1350,1661,2265,695,1475,1040,957,1101,1608,1905,15,1358,907,1098,716,496,1338,1201,783,689,1533,1330,726,868,4414,1718,3097,2436,1824,916,221,1192,922,1047,1294,853,938,1495,1284,0,256,2485,732,1870,43.0,2162,652,1704,793,662,2913,0.0,1069,1910,1221,2172,2445,1043,4715,1365,1696,969,1533,1961,2114,1257,660,1438,1642,1666,1305,780,1798,2119,918,2951,1184,1381,1863,1652,2639,1197,1107,903,1024,2711,1030,1330,1207,1809,1172,2979,1460,1423,1593,1661,883,1151,1719,755,1338,1191,789,938,1196,2084,892,2010,1255,1219,1924,1272,1504,1377,1998,2998,0.0
"   $150,000 to $199,999",81,402,372,266,753,765,342,717,676,420,197,197,0.0,463,296,63,761,2373,321,321,758,673,479,659,297,770,1940,360,1056,695,518,199,982,491,227,114,289,1064,958,963,438,791,237,275,114,836,191,547,1279,1571,1489,3,38,121,108,0,9,56,113,87,31,224,0,65,141,11,123,143,123,190,563,427,801,134,513,241,199,185,531,723,1025,78,676,232,353,367,259,580,3,1372,498,914,555,315,652,949,543,467,989,854,524,728,3331,1385,1976,1981,1538,410,56,842,559,560,309,252,304,639,559,0,127,843,317,745,4.0,698,331,414,257,222,967,0.0,329,455,660,578,817,453,2618,555,459,402,771,1025,973,470,219,641,699,644,510,431,1002,916,558,1044,290,585,567,697,1343,567,378,477,398,1047,278,364,362,705,702,1129,748,840,622,898,275,518,1065,275,539,522,546,398,452,1351,388,1049,782,627,1068,708,678,747,795,1545,0.0
"   $200,000 or more",95,522,414,172,2163,1578,588,607,337,280,152,130,0.0,220,208,53,1769,3970,309,232,741,479,718,255,242,519,1639,312,523,462,282,331,590,384,52,198,230,706,846,929,489,566,195,76,59,281,162,378,1091,727,670,21,8,21,44,0,16,0,0,16,20,56,34,0,42,11,32,132,47,83,1233,126,907,71,220,62,98,80,309,223,615,32,457,47,130,129,220,289,0,4558,3171,3444,949,211,865,4186,1200,2093,4739,2748,1161,842,10475,5768,6467,6207,8802,509,22,1664,639,721,776,181,190,807,280,0,80,584,236,476,0.0,828,297,206,78,43,829,0.0,234,419,293,437,685,191,2301,427,435,253,506,851,806,269,223,810,203,452,355,388,558,451,269,781,159,730,593,1029,953,345,230,88,230,529,264,358,123,367,302,564,478,400,332,823,180,643,532,247,284,261,155,586,180,813,314,1021,302,474,898,851,620,714,644,1159,0.0
Nonfamily households,"1,486",10481,8794,8123,6562,7693,6124,8401,9703,9322,5470,8840,98.0,8781,2658,3136,8486,15124,5639,4948,4043,18259,5339,9997,5752,4027,15541,3275,8291,5948,4011,1867,6087,5919,3788,3377,3591,13717,6130,8547,4846,4557,3817,6315,2586,5438,3249,5753,3819,6108,5504,2813,2744,4270,5557,0,3109,3397,4711,3747,2260,8058,4530,3769,5607,2656,4844,6347,3798,5204,5330,5731,5587,3533,5719,5283,3332,2498,5040,7996,5293,5277,2440,2945,4385,3211,6672,4567,218,27374,11520,11823,17104,8361,13995,28618,19400,11311,19932,18893,11265,6530,39107,19879,27762,27832,13860,8778,3462,11306,16959,9305,10368,9177,7378,11251,12788,0,2901,18251,5174,9466,65.0,12983,2278,6352,2555,1594,12936,0.0,4240,8206,3467,7098,4654,3785,17219,5327,8857,2184,3951,3074,4767,1970,1077,2962,4689,4577,3597,2055,3520,2986,4552,3684,1503,3522,3813,2966,4504,1672,3149,3630,1400,3531,4281,2324,1147,1356,1238,2684,1791,3809,1664,3951,3861,5649,2559,2643,2105,4059,1631,1889,3008,2764,1405,2544,2897,2066,2075,1515,2169,1209,1935,3420,0.0
Civilian noninstitutionalized population,"32,650",46039,31508,33139,23498,34719,26206,36409,64237,69849,61775,70981,416.0,91686,47466,12813,38965,72707,52486,71445,22563,99659,20435,68838,41211,44934,83453,29100,86412,61057,36020,19508,105873,31530,29406,15410,27759,104778,51297,61288,41893,39981,31779,55202,29811,52647,29894,56082,48309,85624,70841,26635,25360,38850,52086,0,30363,25783,41380,37724,20324,62732,36942,39619,53722,26336,52055,52440,29838,40590,25943,48726,28747,35316,53551,30376,35653,27256,25888,42816,45817,33389,31648,29434,29816,36345,60858,45790,1377,67125,39922,37501,43483,45019,73746,68967,42908,28228,48372,49374,25963,21864,134528,60184,79212,77257,58822,51465,23802,53927,77884,46458,58942,60016,50352,69655,89205,1353,18521,75138,26343,48996,394.0,60033,25088,44773,50295,22980,104869,0.0,53644,84806,31706,70082,38675,27486,84146,27500,68354,23508,22899,32151,50803,27921,20932,24637,37594,36540,33530,18177,59487,64906,22830,80014,22136,28739,28097,25495,44977,20684,36851,26785,21127,50573,50592,34272,19835,28201,20179,57320,25597,22008,25127,28885,34216,48539,24198,23846,30381,30762,19211,17902,24985,38651,14418,31452,24360,21187,28695,23141,22038,19866,24786,43399,0.0
   With health insurance coverage,"31,225",38716,25030,27744,22248,31353,22861,30522,55026,60580,42598,56776,401.0,80350,39675,11961,34838,65336,39351,55187,20751,82752,18509,57203,35608,40363,74103,25586,73606,52762,30394,17586,95139,27532,26705,14441,24067,86623,46366,57555,37865,36923,27314,48083,25306,45686,23844,47112,45599,75116,64395,21950,21233,32526,42564,0,26132,21199,34274,31959,17234,52543,30923,31893,43393,20734,42235,41727,23737,33253,24007,40246,26182,27396,47495,26592,28071,23059,23819,38932,41286,26777,28628,24281,25524,31577,51390,38577,1168,63539,36605,35298,38603,38900,65665,62937,37043,26138,46339,46347,24386,20294,123906,57570,74607,71353,57265,41426,19110,49487,65945,40948,49217,49451,40057,58605,70619,1084,15240,61212,20790,40568,373.0,47789,18351,35369,28205,16131,78576,0.0,38666,60075,27381,53671,35086,23122,75820,23984,50698,19154,21056,29282,40385,21333,16584,21758,31049,33095,29837,15585,50094,52614,19934,63939,18720,26691,24973,22904,39939,17789,31001,24426,17361,44525,39129,29452,17603,25099,18161,48896,23323,20175,22485,26663,30541,42684,23050,21467,27476,27382,16245,16146,21180,36193,13238,29129,22133,19703,27386,22024,20805,19103,23564,41587,0.0
      With private health insurance,"9,228",22858,20045,17756,20836,23063,15544,23431,29484,29481,19134,26770,166.0,41124,20547,7310,28233,59065,19847,20878,17533,47835,15559,35047,21066,24920,54113,16376,42338,31798,14419,12359,40945,17218,12814,10033,13689,48666,30955,41178,25947,26105,15131,23530,11780,31517,13508,30889,36361,54940,45761,7441,7674,10648,15319,0,7470,8865,12440,12220,7088,20096,11888,12063,18677,6113,15353,17229,9701,15858,20822,21774,20901,12391,28529,18472,12433,14958,19200,28958,30909,15173,20949,15292,18023,21060,31433,27567,522,58920,31422,33657,33047,18986,34801,54364,31276,23535,42793,41747,22081,18779,106166,51613,68060,64301,52084,22027,8143,39876,36190,25818,28617,23371,21831,35805,34356,38,7953,43976,14228,30579,331.0,32306,11041,22186,10319,8153,43295,0.0,18811,31441,19293,30892,27915,17425,60874,17816,26980,12361,17897,25411,26135,12792,10327,17188,21596,24473,20760,11425,30942,29552,14804,38422,12661,21725,19694,19913,32162,13717,17335,17985,12157,33614,19751,18701,13198,19227,15000,35757,18815,16891,17636,21988,16427,24969,19976,14745,18734,16504,11399,12378,13951,28339,9701,23348,17307,15611,23447,18698,17506,16707,21195,36426,0.0
      With public coverage,"24,838",17234,6237,12297,3652,10254,9017,9252,29583,35909,26708,33511,254.0,45722,21568,5705,9368,10788,23120,39014,4798,42663,4026,26990,17751,20776,28715,11861,37820,26080,18072,6779,62786,12585,16234,7342,13665,43630,19059,22609,15722,13518,14922,29463,15195,18395,12240,20851,14143,25398,24257,16514,14708,24142,31452,0,19922,13546,25327,21522,12111,36459,21143,22148,30295,16188,31185,26743,16169,20542,6647,22163,8451,17472,23763,10802,18538,10535,8310,16187,15267,14499,11128,11752,9950,13683,25761,15286,750,10970,7194,3055,7428,22293,35220,14279,8916,4595,9768,8517,4445,4594,32638,12793,14706,14458,15426,22168,12292,12781,35948,17439,24406,30993,23109,29322,41939,1081,8544,23091,8546,13688,106.0,19308,8732,16136,19713,9137,42033,0.0,22910,34727,10473,25764,10382,8148,23486,8250,28394,8454,7342,8218,17699,10366,7727,7580,12529,11329,12525,5703,22199,26044,6919,29585,7486,9608,8141,6684,12664,6034,16327,9679,6542,15832,23590,13245,6142,7783,5725,17597,7147,7216,7775,8567,16410,20829,6014,7989,10911,13051,6553,5280,9016,11739,4823,9066,7496,6145,6827,5106,6495,4253,4180,10456,0.0
   No health insurance coverage,"1,425",7323,6478,5395,1250,3366,3345,5887,9211,9269,19177,14205,15.0,11336,7791,852,4127,7371,13135,16258,1812,16907,1926,11635,5603,4571,9350,3514,12806,8295,5626,1922,10734,3998,2701,969,3692,18155,4931,3733,4028,3058,4465,7119,4505,6961,6050,8970,2710,10508,6446,4685,4127,6324,9522,0,4231,4584,7106,5765,3090,10189,6019,7726,10329,5602,9820,10713,6101,7337,1936,8480,2565,7920,6056,3784,7582,4197,2069,3884,4531,6612,3020,5153,4292,4768,9468,7213,209,3586,3317,2203,4880,6119,8081,6030,5865,2090,2033,3027,1577,1570,10622,2614,4605,5904,1557,10039,4692,4440,11939,5510,9725,10565,10295,11050,18586,269,3281,13926,5553,8428,21.0,12244,6737,9404,22090,6849,26293,0.0,14978,24731,4325,16411,3589,4364,8326,3516,17656,4354,1843,2869,10418,6588,4348,2879,6545,3445,3693,2592,9393,12292,2896,16075,3416,2048,3124,2591,5038,2895,5850,2359,3766,6048,11463,4820,2232,3102,2018,8424,2274,1833,2642,2222,3675,5855,1148,2379,2905,3380,2966,1756,3805,2458,1180,2323,2227,1484,1309,1117,1233,763,1222,1812,0.0
Civilian noninstitutionalized population under 18 years,"15,698",9041,3324,4212,3006,6379,4780,5893,16258,21547,15521,17883,128.0,27302,13443,2655,7694,12972,12826,17668,4183,22721,2981,15262,11164,9293,17032,5690,18128,11616,9656,5557,40283,5254,6455,1287,5203,25572,13310,11284,10136,8335,9246,16775,9921,11427,7401,12538,12201,21215,16871,8640,8363,12613,15723,0,9794,7177,13081,11341,6924,17503,11361,12078,15208,9102,15035,14860,7137,11491,4888,11928,5549,9811,13351,7155,10205,7867,4325,7940,10027,7789,7690,7712,6201,10142,17005,10729,391,5900,5319,5046,2725,6628,12067,6536,3013,1658,3737,4213,1557,1889,21287,8918,10411,9232,10915,10706,5171,5827,17331,10137,11753,15534,10903,13130,16437,11,4472,10106,4382,7318,70.0,9293,4320,8428,12176,5355,20357,0.0,13286,16645,6879,16642,7232,5501,14254,4504,10914,5096,3523,6913,8703,4750,4569,4438,7008,8826,7127,4084,15367,16040,3687,17822,5404,5278,5798,4998,8723,3971,9968,6267,4326,11552,12136,8726,5045,7696,3539,12193,5863,3623,5538,6382,10464,14425,5179,6059,8479,8497,5245,4518,5680,8561,3202,6451,4859,4852,6237,6226,4577,4670,5414,9666,0.0
   No health insurance coverage,297,351,154,179,28,333,171,402,999,918,632,933,0.0,1058,503,30,365,307,791,1003,81,1069,32,702,182,427,448,299,897,769,328,309,619,295,175,19,589,1272,333,349,186,214,439,940,501,471,356,623,237,1442,578,439,363,391,598,0,403,319,867,459,356,644,797,655,937,367,786,821,470,425,199,658,143,503,338,271,743,350,243,335,471,418,331,402,340,335,1055,511,14,119,184,28,60,296,339,167,278,15,65,66,49,100,580,69,359,185,116,769,214,109,1128,416,1061,647,882,604,1001,0,243,475,188,379,0.0,480,264,509,750,522,1336,0.0,755,820,237,1059,274,277,715,177,1389,349,160,179,692,369,600,296,287,188,248,151,552,601,207,1247,237,317,284,183,424,269,630,414,320,655,537,505,239,265,173,581,313,233,286,175,393,620,77,199,40,278,371,114,253,290,70,166,205,229,71,128,215,215,81,206,0.0
Civilian noninstitutionalized population 18 to 64 years,"14,968",33780,25483,24500,17611,25337,18979,27232,41769,43264,42665,47032,271.0,55920,30683,6889,27492,53744,35355,48018,15810,66064,15817,45330,26030,28612,54687,18358,55182,39244,22754,11319,55830,19508,17294,8157,16315,69544,31123,38792,24789,25690,19392,32970,17928,34351,19450,36413,29484,56852,45544,15735,14955,22971,31665,0,18510,16635,25185,23422,11679,39297,23026,25154,35099,15743,33479,33902,20106,25919,16165,32024,18182,22504,33593,19832,21998,17283,16461,26661,28947,21548,19659,18473,19482,22674,37566,29430,877,52305,30267,30089,36783,31268,49097,54936,35240,23173,35508,39163,21356,16195,91761,41109,56469,56312,33313,35394,16011,42323,52087,32528,40233,38093,34577,48212,62336,1259,12432,55267,19359,35247,245.0,44598,17864,31306,35510,15535,72875,0.0,35339,59168,20559,47224,24534,18623,55065,18513,47279,15505,13770,19621,34454,18882,13876,16089,26211,22744,21822,11508,39091,43743,15981,54305,14416,17030,17851,15844,29587,13394,22681,16477,14524,32600,33383,21883,12961,18049,13045,38467,16625,13267,15795,17573,20667,28257,15285,15885,19561,19227,11989,11487,16706,24653,9257,20103,15651,13476,18696,14426,13174,12929,16791,27776,0.0
   In labor force:,"8,257",26858,20732,19159,14090,19665,14785,20544,29208,30241,30023,33743,225.0,36055,20049,4681,22842,46614,27574,35179,13278,47999,13743,35435,19144,21103,40682,12915,39133,28828,16377,7881,37267,13605,11816,6207,11683,51300,21155,28167,17654,18385,13498,20523,12413,26743,14733,27509,22023,43012,35518,10391,9241,15146,20035,0,10959,9664,16036,15631,7732,27193,15728,18036,25228,11231,23861,23199,15013,19017,12010,24724,14196,15975,22138,15182,15047,12328,13272,19787,21992,16025,14948,13873,14115,17000,28405,22985,664,42349,24456,25477,28553,23129,32944,45513,29923,17984,30712,32033,17856,12997,74439,33665,47094,48298,26034,26496,10759,24350,37102,22741,28171,24387,27592,38048,46197,262,8962,45790,15321,28261,185.0,35754,13121,24506,27600,12142,56427,0.0,27159,42664,14864,34620,18810,14228,43656,14674,35681,12192,10841,15429,25955,13754,10165,12353,20182,16718,15368,8664,29987,32989,12572,40825,10901,13034,13552,12639,22726,9747,17402,13178,11713,26861,25244,17024,9917,14915,9958,31063,12580,10396,12443,12797,14380,20759,11405,11176,13275,13295,8364,8303,11555,17635,6722,14562,10933,9998,13638,10605,10045,9116,12425,20296,0.0
      Employed:,"7,848",25121,19483,17520,13317,17684,13044,18651,24573,26807,26969,29147,206.0,31253,18486,4035,20781,43572,24783,31328,12535,41850,12705,30064,16125,19354,37219,11886,35403,25988,14953,7056,34657,12561,9290,5830,10326,46009,19383,25662,15942,17200,11845,17191,10358,23949,12702,24469,19878,39146,32181,8337,8097,12408,16881,0,8490,8507,13149,12747,6542,22918,13016,15581,20187,9009,19772,20249,12382,16619,11324,21330,12991,14172,20307,13796,12937,10723,12173,17537,19725,13758,12828,12186,13111,14243,24123,20195,582,40015,22949,24201,26972,21137,29264,42283,27123,16719,29309,30430,16158,11922,69947,31560,44869,45091,24719,23400,9739,22701,31199,20809,24973,21145,23610,32490,39394,114,7650,41501,13841,25824,171.0,33148,12392,22604,26027,11005,50834,0.0,25061,39965,13808,31851,17640,12964,40436,13393,32317,11054,9730,13853,23694,12333,9246,11510,17881,15011,13413,7848,26157,29762,11450,36536,9786,11932,12720,11791,20705,8954,14775,11461,10106,23706,21690,14738,8884,13790,9255,27317,11558,9649,11304,11835,12078,18657,10634,10161,12157,11947,7802,7533,10717,16505,6191,13841,10070,9197,12731,10034,9296,8687,11431,18918,0.0
         With health insurance coverage,"7,362",20043,15152,14096,12436,15770,11053,15330,20528,21633,13954,20393,191.0,26035,14508,3649,18297,38896,15557,20816,11669,32969,11614,23978,13134,16435,32212,9968,28244,21146,11480,6124,27992,10806,8034,5258,8643,35325,16651,24239,13680,15496,9807,14269,8342,20497,9389,19628,18594,34149,29185,5711,5514,8563,11289,0,6203,5782,9398,9628,5021,16945,9743,10726,14109,5586,14165,14145,8693,12319,10490,16221,11431,9225,17270,11760,8328,8853,11026,16082,17452,9725,11694,9480,10787,12210,19483,16411,454,37961,20824,22932,23466,17251,24629,38520,23686,15624,28189,28805,15273,11579,63283,30061,42584,41845,23868,17787,6692,20876,25199,18058,20077,15108,17310,25995,28007,79,5750,32249,10259,20807,165.0,24468,7894,16376,9752,6462,33246,0.0,14744,23626,11560,22283,15629,10393,36513,11489,21324,8401,8687,12358,17632,8780,7025,9920,14033,13149,11354,6292,20736,22433,9882,28031,7820,10952,11175,10285,18328,7546,11737,10599,8024,20665,14891,12370,7855,12236,8160,22940,10645,8700,10251,10709,10443,15286,10071,9011,10874,10210,6379,6648,8553,15362,5554,12423,8814,8461,12014,9571,8745,8422,10824,18058,0.0
            With private health insurance,"3,120",17351,14461,12525,12325,14649,10109,14348,17015,16503,10670,15928,136.0,20840,11139,3307,17407,38070,11677,11373,11163,27736,11148,19915,10717,12029,29197,8086,21558,16830,8078,5233,16585,9517,6175,4925,6907,27671,13903,21990,11437,13415,8011,10775,6406,17722,7779,16889,17141,30681,25445,3919,3811,5705,7348,0,3930,4019,6088,6484,3241,10861,6225,6877,9166,2984,8530,9979,5709,8885,10126,12539,10786,6733,14808,10329,6330,7432,10572,14635,16156,8017,10853,8110,9886,10688,16347,14638,271,37333,20267,22667,22612,12567,20418,36878,22814,15344,28081,28353,15019,11565,61612,29560,42100,41313,23614,14047,4997,19336,20684,15882,17468,12008,13503,20718,21092,0,4321,28968,9283,19098,165.0,20395,6345,13111,6497,4784,25481,0.0,10926,17245,10514,17851,14877,9264,34314,10518,15296,7085,8415,11996,14349,6747,5478,9244,12354,11941,9850,5645,16660,17202,8883,22464,6838,10328,10209,10025,16985,6858,9547,9679,6805,18742,10943,10463,7060,11092,7814,20507,9913,8463,9615,10271,8494,12678,9757,7845,9688,8875,5920,6148,7450,14131,5063,11588,8136,7790,11472,9190,8318,8055,10579,17498,0.0
            With public coverage,"4,849",2974,878,1874,178,1347,1122,1195,4069,5991,3823,5122,55.0,6003,3820,371,1062,1077,4646,10850,697,6219,683,4813,2951,5002,3882,2004,7460,4924,3740,986,12658,1512,2143,384,2051,8447,3029,2710,2564,2359,2218,4196,2234,3141,1996,3036,1785,4227,4447,2341,1849,3445,4650,0,2557,1967,3872,3447,2080,6687,3971,4354,6148,2884,6672,4546,3485,4064,533,4338,800,2922,3180,1959,2402,1793,732,2030,1642,2266,1304,1781,1352,1883,3822,2067,193,982,661,404,1129,5083,4603,1995,1305,369,338,698,329,90,2288,784,823,871,443,4102,1900,1878,5250,2456,3096,3905,5046,6382,8449,79,1632,3733,1247,2006,0.0,4518,1739,3549,3585,1821,8641,0.0,4489,7398,1292,4856,899,1309,2674,1158,6444,1520,459,618,3546,2237,1674,1019,2317,1433,1784,812,4423,5726,1142,6144,1187,791,1060,392,1716,743,2413,1189,1349,2538,4753,2271,1017,1398,486,2996,982,311,803,592,2354,2899,489,1404,1465,1646,699,558,1337,1491,538,1097,833,757,766,495,743,557,434,927,0.0
         No health insurance coverage,486,5078,4331,3424,881,1914,1991,3321,4045,5174,13015,8754,15.0,5218,3978,386,2484,4676,9226,10512,866,8881,1091,6086,2991,2919,5007,1918,7159,4842,3473,932,6665,1755,1256,572,1683,10684,2732,1423,2262,1704,2038,2922,2016,3452,3313,4841,1284,4997,2996,2626,2583,3845,5592,0,2287,2725,3751,3119,1521,5973,3273,4855,6078,3423,5607,6104,3689,4300,834,5109,1560,4947,3037,2036,4609,1870,1147,1455,2273,4033,1134,2706,2324,2033,4640,3784,128,2054,2125,1269,3506,3886,4635,3763,3437,1095,1120,1625,885,343,6664,1499,2285,3246,851,5613,3047,1825,6000,2751,4896,6037,6300,6495,11387,35,1900,9252,3582,5017,6.0,8680,4498,6228,16275,4543,17588,0.0,10317,16339,2248,9568,2011,2571,3923,1904,10993,2653,1043,1495,6062,3553,2221,1590,3848,1862,2059,1556,5421,7329,1568,8505,1966,980,1545,1506,2377,1408,3038,862,2082,3041,6799,2368,1029,1554,1095,4377,913,949,1053,1126,1635,3371,563,1150,1283,1737,1423,885,2164,1143,637,1418,1256,736,717,463,551,265,607,860,0.0
      Unemployed:,409,1737,1249,1639,773,1981,1741,1893,4635,3434,3054,4596,19.0,4802,1563,646,2061,3042,2791,3851,743,6149,1038,5371,3019,1749,3463,1029,3730,2840,1424,825,2610,1044,2526,377,1357,5291,1772,2505,1712,1185,1653,3332,2055,2794,2031,3040,2145,3866,3337,2054,1144,2738,3154,0,2469,1157,2887,2884,1190,4275,2712,2455,5041,2222,4089,2950,2631,2398,686,3394,1205,1803,1831,1386,2110,1605,1099,2250,2267,2267,2120,1687,1004,2757,4282,2790,82,2334,1507,1276,1581,1992,3680,3230,2800,1265,1403,1603,1698,1075,4492,2105,2225,3207,1315,3096,1020,1649,5903,1932,3198,3242,3982,5558,6803,148,1312,4289,1480,2437,14.0,2606,729,1902,1573,1137,5593,0.0,2098,2699,1056,2769,1170,1264,3220,1281,3364,1138,1111,1576,2261,1421,919,843,2301,1707,1955,816,3830,3227,1122,4289,1115,1102,832,848,2021,793,2627,1717,1607,3155,3554,2286,1033,1125,703,3746,1022,747,1139,962,2302,2102,771,1015,1118,1348,562,770,838,1130,531,721,863,801,907,571,749,429,994,1378,0.0
         With health insurance coverage,302,1073,614,1051,644,1353,1053,1271,2938,2347,1506,2848,19.0,3541,952,511,1487,2000,1747,2293,418,3980,693,3081,1729,1326,2198,688,2521,1967,902,489,1855,640,1694,295,916,3163,1255,1971,1131,846,1091,2441,1333,1625,1075,1787,1540,2776,2060,1400,920,1871,2092,0,1986,826,1984,2078,788,2805,1938,1771,3583,1396,2585,1734,1675,1356,472,2291,759,900,1303,821,1463,883,826,1203,1624,1537,1541,1093,709,1780,2582,1696,47,1883,1169,1086,1239,1578,2741,2293,1926,1046,1167,1274,1314,712,3478,1550,1396,1938,1106,1885,641,1212,4061,1434,1956,2018,2334,3172,4090,110,1048,2437,993,1361,14.0,1813,387,1053,721,652,3186,0.0,1104,1490,710,1489,747,744,2149,882,1913,633,721,1028,1324,742,655,571,1448,1272,1385,600,2398,1888,778,2253,695,827,528,498,1231,524,1664,1276,958,1745,2042,1297,799,664,497,2402,579,485,781,698,1601,1266,581,708,715,996,307,644,497,837,437,566,718,620,707,409,553,316,822,1158,0.0
           With private health insurance,30,603,452,473,600,774,521,800,939,632,577,653,19.0,1190,316,236,855,1711,690,534,339,1093,462,1381,546,653,1467,360,1245,809,415,333,694,359,501,194,249,1413,728,1101,620,458,272,592,287,780,424,804,905,1400,1006,240,114,285,440,0,269,268,632,318,232,589,432,584,990,273,535,564,377,382,389,630,426,316,312,403,391,517,606,690,864,677,786,428,412,913,1086,657,0,1729,900,1058,928,610,864,1773,1415,888,1112,1012,1053,651,2559,1284,1113,1710,912,551,206,925,1415,575,585,681,583,1559,1132,24,388,1516,713,1036,14.0,1213,246,558,139,231,1404,0.0,529,733,272,778,566,533,1588,680,832,240,555,987,593,383,464,300,839,806,915,310,1233,727,422,910,338,634,392,367,923,389,571,611,523,966,730,519,367,491,355,1200,487,358,495,461,521,502,451,364,358,368,231,361,204,537,336,324,516,448,547,288,449,267,735,897,0.0
           With public coverage,291,535,192,609,81,821,600,511,2193,1823,951,2276,19.0,2639,685,299,657,331,1201,1958,98,3119,244,1902,1227,757,849,336,1354,1281,576,164,1286,318,1235,110,682,1997,571,950,546,427,833,1935,1084,882,671,1095,670,1544,1078,1294,825,1681,1805,0,1833,578,1599,1851,676,2336,1591,1341,3105,1226,2290,1252,1394,1050,98,1840,345,686,1015,456,1279,457,281,550,816,991,839,763,309,1119,1769,1116,47,183,338,42,340,1098,1998,649,557,180,63,262,261,164,1086,282,297,331,227,1353,442,287,2772,945,1437,1679,1815,2129,3144,107,691,1174,416,394,0.0,719,141,512,592,428,1995,0.0,650,867,447,724,191,241,626,253,1231,399,182,96,749,364,228,313,757,495,483,290,1207,1204,371,1455,372,267,136,153,358,167,1175,687,482,808,1549,824,490,255,181,1218,164,127,393,249,1136,776,173,463,438,664,81,316,310,324,130,271,228,190,224,121,118,49,97,329,0.0
         No health insurance coverage,107,664,635,588,129,628,688,622,1697,1087,1548,1748,0.0,1261,611,135,574,1042,1044,1558,325,2169,345,2290,1290,423,1265,341,1209,873,522,336,755,404,832,82,441,2128,517,534,581,339,562,891,722,1169,956,1253,605,1090,1277,654,224,867,1062,0,483,331,903,806,402,1470,774,684,1458,826,1504,1216,956,1042,214,1103,446,903,528,565,647,722,273,1047,643,730,579,594,295,977,1700,1094,35,451,338,190,342,414,939,937,874,219,236,329,384,363,1014,555,829,1269,209,1211,379,437,1842,498,1242,1224,1648,2386,2713,38,264,1852,487,1076,0.0,793,342,849,852,485,2407,0.0,994,1209,346,1280,423,520,1071,399,1451,505,390,548,937,679,264,272,853,435,570,216,1432,1339,344,2036,420,275,304,350,790,269,963,441,649,1410,1512,989,234,461,206,1344,443,262,358,264,701,836,190,307,403,352,255,126,341,293,94,155,145,181,200,162,196,113,172,220,0.0
    Not in labor force:,"6,711",6922,4751,5341,3521,5672,4194,6688,12561,13023,12642,13289,46.0,19865,10634,2208,4650,7130,7781,12839,2532,18065,2074,9895,6886,7509,14005,5443,16049,10416,6377,3438,18563,5903,5478,1950,4632,18244,9968,10625,7135,7305,5894,12447,5515,7608,4717,8904,7461,13840,10026,5344,5714,7825,11630,0,7551,6971,9149,7791,3947,12104,7298,7118,9871,4512,9618,10703,5093,6902,4155,7300,3986,6529,11455,4650,6951,4955,3189,6874,6955,5523,4711,4600,5367,5674,9161,6445,213,9956,5811,4612,8230,8139,16153,9423,5317,5189,4796,7130,3500,3198,17322,7444,9375,8014,7279,8898,5252,17973,14985,9787,12062,13706,6985,10164,16139,997,3470,9477,4038,6986,60.0,8844,4743,6800,7910,3393,16448,0.0,8180,16504,5695,12604,5724,4395,11409,3839,11598,3313,2929,4192,8499,5128,3711,3736,6029,6026,6454,2844,9104,10754,3409,13480,3515,3996,4299,3205,6861,3647,5279,3299,2811,5739,8139,4859,3044,3134,3087,7404,4045,2871,3352,4776,6287,7498,3880,4709,6286,5932,3625,3184,5151,7018,2535,5541,4718,3478,5058,3821,3129,3813,4366,7480,0.0
        With health insurance coverage,"6,199",5733,3443,4181,3317,5238,3735,5162,10180,11032,8744,10663,46.0,16345,8095,1907,3970,5868,5756,10038,2019,13592,1629,7599,5756,6766,11605,4500,12935,8662,5239,3093,15980,4439,5066,1654,3653,14466,8696,9402,6273,6548,4495,10171,4305,5840,3436,6802,6980,10983,8554,4430,4773,6686,9442,0,6507,5810,7596,6458,3187,10089,6193,5639,8189,3580,7812,8279,4139,5447,3511,5740,3660,5023,9363,3787,5460,3712,2783,5865,5859,4184,3859,3287,4091,4449,7248,4905,181,9031,5243,3896,7328,6845,14114,8414,4138,4518,4221,6190,3275,2434,15222,6970,8395,6940,6901,6577,4260,16008,12067,8000,9683,11204,5793,8788,12840,801,2618,7288,2791,5095,45.0,6774,3201,5181,3891,2106,11779,0.0,5373,10506,4212,8310,4903,3486,9052,2881,8057,2567,2679,3545,5932,3230,2582,3148,4793,5115,5687,2256,7255,7880,2639,9448,2722,3571,3446,2653,5510,2802,4151,2851,2210,4917,5839,4032,2314,2464,2590,5512,3461,2512,2505,4161,5390,6506,3568,4060,5107,4922,2728,2553,4156,6324,2160,5016,4110,3140,4749,3469,2858,3643,4020,6954,0.0
          With private health insurance,"1,832",1917,2019,1410,3073,2879,1589,3631,3256,3509,2580,3209,11.0,5497,2863,995,2325,4494,2060,3037,1469,5188,1031,3222,2728,3640,6598,2530,6488,4505,1789,1919,6574,2572,1947,1042,1442,5729,5277,5526,4189,4182,1744,3728,1262,2969,1402,3195,5077,5930,5313,823,908,1124,2162,0,1115,2573,1337,1351,973,2219,1238,1053,2194,853,1607,1923,1141,1551,3065,1861,2325,1206,3865,1809,1505,1798,1914,3223,3797,1276,2138,1465,2629,2079,2883,2607,56,8210,3985,3546,5886,1944,4569,6087,2797,3901,3715,5214,2642,2102,10887,5816,7127,5743,6399,2082,993,12610,3477,2961,3625,2940,1766,4035,4249,5,924,4090,1177,3121,33.0,3419,1629,2615,1149,725,4718,0.0,1683,4807,2445,3729,3676,2272,6292,1897,3482,1391,2240,3002,3006,1842,1305,2163,2769,3462,3405,1590,3453,3194,1556,4313,1340,2737,2356,2033,3837,2098,1552,1790,1209,2855,2224,1777,1363,1342,1768,3186,2139,1824,1603,2755,2020,2479,2854,2595,2732,2049,1415,1610,1962,4694,1236,3668,2844,2079,3829,2584,2283,3022,3553,5665,0.0
          With public coverage,"4,898",4112,1598,3090,472,2608,2426,1834,7714,8209,6929,8133,35.0,12078,5664,943,1967,1756,4143,7848,701,9632,631,4932,3442,3545,5895,2236,7190,4627,3744,1266,10261,2246,3596,738,2385,9551,3738,4491,2323,2609,3167,7657,3361,3272,2291,4239,2320,5872,3667,3819,4104,5769,8079,0,5730,3418,6826,5467,2501,8383,5217,4954,6948,3043,6897,6829,3466,4435,599,4269,1489,4069,6399,2222,4460,2220,1326,3232,2627,3180,2021,2153,1701,2747,5065,2747,125,1011,1397,423,1644,5194,10247,3079,1604,760,634,1135,779,503,5422,1471,1645,1558,845,4933,3457,3552,9614,5345,6498,8933,4735,5622,9393,801,1952,3699,1814,2320,12.0,3728,1672,2811,2910,1447,7775,0.0,3978,6759,1991,4994,1410,1456,3232,1087,5087,1347,528,907,3202,1564,1416,1168,2409,1824,2654,729,4046,5032,1184,5502,1516,1386,1270,768,2189,884,2866,1429,1138,2602,4194,2535,1213,1203,1033,2689,1487,965,1149,1806,3763,4432,1009,1580,2691,3158,1528,1126,2487,2108,1049,1668,1661,1225,1243,1066,907,837,780,1933,0.0
        No health insurance coverage,512,1189,1308,1160,204,434,459,1526,2381,1991,3898,2626,0.0,3520,2539,301,680,1262,2025,2801,513,4473,445,2296,1130,743,2400,943,3114,1754,1138,345,2583,1464,412,296,979,3778,1272,1223,862,757,1399,2276,1210,1768,1281,2102,481,2857,1472,914,941,1139,2188,0,1044,1161,1553,1333,760,2015,1105,1479,1682,932,1806,2424,954,1455,644,1560,326,1506,2092,863,1491,1243,406,1009,1096,1339,852,1313,1276,1225,1913,1540,32,925,568,716,902,1294,2039,1009,1179,671,575,940,225,764,2100,474,980,1074,378,2321,992,1965,2918,1787,2379,2502,1192,1376,3299,196,852,2189,1247,1891,15.0,2070,1542,1619,4019,1287,4669,0.0,2807,5998,1483,4294,821,909,2357,958,3541,746,250,647,2567,1898,1129,588,1236,911,767,588,1849,2874,770,4032,793,425,853,552,1351,845,1128,448,601,822,2300,827,730,670,497,1892,584,359,847,615,897,992,312,649,1179,1010,897,631,995,694,375,525,608,338,309,352,271,170,346,526,0.0
